seat_no,name,vote,party,alliance,seat,district,division,region,voters,male_voters,female_voters,thirdgender_voters,time,vote_pc
95,কপিল কৃষ্ণ মন্ডল,114323,BNP,BNP,Bagerhat-1,Bagerhat,Khulna,Rural,375560.0,190838.0,184720.0,2.0,2026-02-14 14:42:37.115645+00:00,30.44
95,মোঃ মশিউর রহমান খান,117527,Jamaat,Jamaat-NCP,Bagerhat-1,Bagerhat,Khulna,Rural,375560.0,190838.0,184720.0,2.0,2026-02-14 14:42:37.115645+00:00,31.29
96,শেখ মোহাম্মদ জাকির হোসেন,66409,BNP,BNP,Bagerhat-2,Bagerhat,Khulna,Urban,338009.0,167739.0,170265.0,5.0,2026-02-14 14:42:37.115645+00:00,19.65
96,শেখ মনজুরুল হক (রাহাদ),117709,Jamaat,Jamaat-NCP,Bagerhat-2,Bagerhat,Khulna,Urban,338009.0,167739.0,170265.0,5.0,2026-02-14 14:42:37.115645+00:00,34.82
97,শেখ ফরিদুল ইসলাম,103711,BNP,BNP,Bagerhat-3,Bagerhat,Khulna,Rural,266864.0,132350.0,134510.0,4.0,2026-02-14 14:42:37.115645+00:00,38.86
97,মোহাম্মাদ আব্দুল ওয়াদুদ সেখ,83705,Jamaat,Jamaat-NCP,Bagerhat-3,Bagerhat,Khulna,Rural,266864.0,132350.0,134510.0,4.0,2026-02-14 14:42:37.115645+00:00,31.37
98,সোম নাথ দে,98326,BNP,BNP,Bagerhat-4,Bagerhat,Khulna,Rural,380679.0,191812.0,188864.0,3.0,2026-02-14 14:42:37.115645+00:00,25.83
98,মোঃ আব্দুল আলীম,116067,Jamaat,Jamaat-NCP,Bagerhat-4,Bagerhat,Khulna,Rural,380679.0,191812.0,188864.0,3.0,2026-02-14 14:42:37.115645+00:00,30.49
300,সাচিং প্রু,141455,BNP,BNP,Bandarban,Bandarban,Chittagong,Rural,315422.0,161775.0,153647.0,0.0,2026-02-14 14:42:37.115645+00:00,44.85
300,আবু সাঈদ মোঃ সূজা উদ্দীন,26162,NCP,Jamaat-NCP,Bandarban,Bandarban,Chittagong,Rural,315422.0,161775.0,153647.0,0.0,2026-02-14 14:42:37.115645+00:00,8.29
109,মোঃ নজরুল ইসলাম মোল্লা,134337,BNP,BNP,Barguna-1,Barguna,Barisal,Urban,519460.0,259098.0,260351.0,11.0,2026-02-14 14:42:37.115645+00:00,25.86
109,মোঃ অলি উল্লাহ,138510,Islami Andolan Bangladesh,no alliance,Barguna-1,Barguna,Barisal,Urban,519460.0,259098.0,260351.0,11.0,2026-02-14 14:42:37.115645+00:00,26.66
110,মোঃ নূরুল ইসলাম,89428,BNP,BNP,Barguna-2,Barguna,Barisal,Rural,337744.0,167965.0,169775.0,4.0,2026-02-14 14:42:37.115645+00:00,26.48
110,ডাঃ সুলতান আহমদ,83015,Jamaat,Jamaat-NCP,Barguna-2,Barguna,Barisal,Rural,337744.0,167965.0,169775.0,4.0,2026-02-14 14:42:37.115645+00:00,24.58
119,জহির উদ্দিন স্বপন,100552,BNP,BNP,Barisal-1,Barisal,Barisal,Rural,328198.0,165364.0,162834.0,0.0,2026-02-14 14:42:37.115645+00:00,30.64
119,মোঃ কামরুল ইসলাম খান,46263,Jamaat,Jamaat-NCP,Barisal-1,Barisal,Barisal,Rural,328198.0,165364.0,162834.0,0.0,2026-02-14 14:42:37.115645+00:00,14.1
120,সরদার সরফুদ্দিন আহমেদ,141622,BNP,BNP,Barisal-2,Barisal,Barisal,Rural,385807.0,196262.0,189544.0,1.0,2026-02-14 14:42:37.115645+00:00,36.71
120,আবদুল মন্নান,74082,Jamaat,Jamaat-NCP,Barisal-2,Barisal,Barisal,Rural,385807.0,196262.0,189544.0,1.0,2026-02-14 14:42:37.115645+00:00,19.2
121,মোহাম্মদ আসাদুজ্জামান ভুইয়া,61192,AB Party,Jamaat-NCP,Barisal-3,Barisal,Barisal,Rural,332097.0,167921.0,164173.0,3.0,2026-02-14 14:42:37.115645+00:00,18.43
121,জয়নুল আবেদীন,80930,BNP,BNP,Barisal-3,Barisal,Barisal,Rural,332097.0,167921.0,164173.0,3.0,2026-02-14 14:42:37.115645+00:00,24.37
122,মোঃ রাজিব আহসান,128322,BNP,BNP,Barisal-4,Barisal,Barisal,Rural,421975.0,217942.0,204030.0,3.0,2026-02-14 14:42:37.115645+00:00,30.41
122,মোহাম্মদ আব্দুল জব্বার,74684,Jamaat,Jamaat-NCP,Barisal-4,Barisal,Barisal,Rural,421975.0,217942.0,204030.0,3.0,2026-02-14 14:42:37.115645+00:00,17.7
123,মোঃ মজিবর রহমান সরওয়ার,135146,BNP,BNP,Barisal-5,Barisal,Barisal,Urban,501304.0,250680.0,250615.0,9.0,2026-02-14 14:42:37.115645+00:00,26.96
123,মুফতী সৈয়দ মোঃ ফয়জুল করিম,95044,Islami Andolan Bangladesh,no alliance,Barisal-5,Barisal,Barisal,Urban,501304.0,250680.0,250615.0,9.0,2026-02-14 14:42:37.115645+00:00,18.96
124,আবুল হোসেন খান,82217,BNP,BNP,Barisal-6,Barisal,Barisal,Rural,315597.0,160055.0,155538.0,4.0,2026-02-14 14:42:37.115645+00:00,26.05
124,মোঃ মাহমুদুন্নবী,55988,Jamaat,Jamaat-NCP,Barisal-6,Barisal,Barisal,Rural,315597.0,160055.0,155538.0,4.0,2026-02-14 14:42:37.115645+00:00,17.74
115,আন্দালিভ রহমান,105543,BJP,BNP,Bhola-1,Bhola,Barisal,Urban,406567.0,210087.0,196475.0,5.0,2026-02-14 14:42:37.115645+00:00,25.96
115,মোঃ নজরুল ইসলাম,75337,Jamaat,Jamaat-NCP,Bhola-1,Bhola,Barisal,Urban,406567.0,210087.0,196475.0,5.0,2026-02-14 14:42:37.115645+00:00,18.53
116,মোঃ হাফিজ ইব্রাহিম,119085,BNP,BNP,Bhola-2,Bhola,Barisal,Rural,395546.0,206433.0,189112.0,1.0,2026-02-14 14:42:37.115645+00:00,30.11
116,মোহাম্মদ ফজলুল করিম,93703,Jamaat,Jamaat-NCP,Bhola-2,Bhola,Barisal,Rural,395546.0,206433.0,189112.0,1.0,2026-02-14 14:42:37.115645+00:00,23.69
117,হাফিজ উদ্দিন আহমদ বীর বিক্রম,145990,BNP,BNP,Bhola-3,Bhola,Barisal,Rural,388550.0,200497.0,188050.0,3.0,2026-02-14 14:42:37.115645+00:00,37.57
117,মুহাঃ নিজামুল হক,57351,Bangladesh Development Party,Jamaat-NCP,Bhola-3,Bhola,Barisal,Rural,388550.0,200497.0,188050.0,3.0,2026-02-14 14:42:37.115645+00:00,14.76
118,মোহাম্মদ নূরুল ইসলাম,189351,BNP,BNP,Bhola-4,Bhola,Barisal,Rural,502026.0,262843.0,239176.0,7.0,2026-02-14 14:42:37.115645+00:00,37.72
118,মোহাম্মদ মোস্তফা কামাল,81437,Jamaat,Jamaat-NCP,Bhola-4,Bhola,Barisal,Rural,502026.0,262843.0,239176.0,7.0,2026-02-14 14:42:37.115645+00:00,16.22
36,কাজী রফিকুল ইসলাম,171440,BNP,BNP,Bogra-1,Bogra,Rajshahi,Rural,376019.0,186388.0,189626.0,5.0,2026-02-14 14:42:37.115645+00:00,45.59
36,মোঃ শাহাবুদ্দিন,57959,Jamaat,Jamaat-NCP,Bogra-1,Bogra,Rajshahi,Rural,376019.0,186388.0,189626.0,5.0,2026-02-14 14:42:37.115645+00:00,15.41
37,মীর শাহে আলম,145024,BNP,BNP,Bogra-2,Bogra,Rajshahi,Rural,342155.0,171497.0,170653.0,5.0,2026-02-14 14:42:37.115645+00:00,42.39
37,আবুল আজাদ মোহাম্মদ শাহাদুজ্জামান,93548,Jamaat,Jamaat-NCP,Bogra-2,Bogra,Rajshahi,Rural,342155.0,171497.0,170653.0,5.0,2026-02-14 14:42:37.115645+00:00,27.34
38,মোঃ আব্দুল মহিত তালুকদার,127406,BNP,BNP,Bogra-3,Bogra,Rajshahi,Rural,339181.0,169347.0,169831.0,3.0,2026-02-14 14:42:37.115645+00:00,37.56
38,নূর মোহাম্মদ,111026,Jamaat,Jamaat-NCP,Bogra-3,Bogra,Rajshahi,Rural,339181.0,169347.0,169831.0,3.0,2026-02-14 14:42:37.115645+00:00,32.73
39,মোঃ মোশারফ হোসেন,155339,BNP,BNP,Bogra-4,Bogra,Rajshahi,Rural,359523.0,178985.0,180530.0,8.0,2026-02-14 14:42:37.115645+00:00,43.21
39,মোঃ মোস্তফা ফয়সাল,108978,Jamaat,Jamaat-NCP,Bogra-4,Bogra,Rajshahi,Rural,359523.0,178985.0,180530.0,8.0,2026-02-14 14:42:37.115645+00:00,30.31
40,গোলাম মোহাম্মদ সিরাজ,248848,BNP,BNP,Bogra-5,Bogra,Rajshahi,Rural,572340.0,281287.0,291047.0,6.0,2026-02-14 14:42:37.115645+00:00,43.48
40,মোঃ দবিবুর রহমান,143329,Jamaat,Jamaat-NCP,Bogra-5,Bogra,Rajshahi,Rural,572340.0,281287.0,291047.0,6.0,2026-02-14 14:42:37.115645+00:00,25.04
41,তারেক রহমান,216284,BNP,BNP,Bogra-6,Bogra,Rajshahi,Urban,454043.0,222796.0,231237.0,10.0,2026-02-14 14:42:37.115645+00:00,47.64
41,মোঃ আবিদুর রহমান,97626,Jamaat,Jamaat-NCP,Bogra-6,Bogra,Rajshahi,Urban,454043.0,222796.0,231237.0,10.0,2026-02-14 14:42:37.115645+00:00,21.5
42,মোরশেদ মিলটন,262501,BNP,BNP,Bogra-7,Bogra,Rajshahi,Rural,538092.0,270070.0,268017.0,5.0,2026-02-14 14:42:37.115645+00:00,48.78
42,মোঃ গোলাম রব্বানী,115000,Jamaat,Jamaat-NCP,Bogra-7,Bogra,Rajshahi,Rural,538092.0,270070.0,268017.0,5.0,2026-02-14 14:42:37.115645+00:00,21.37
243,"এম, এ, হান্নান",68092,BNP,BNP,Brahmanbaria-1,Brahmanbaria,Chittagong,Rural,275629.0,146269.0,129357.0,3.0,2026-02-14 14:42:37.115645+00:00,24.7
243,"এ, কে, এম কামরুজ্জামান",35220,Independent,no alliance,Brahmanbaria-1,Brahmanbaria,Chittagong,Rural,275629.0,146269.0,129357.0,3.0,2026-02-14 14:42:37.115645+00:00,12.78
244,রুমিন ফারহানা,118547,Independent,no alliance,Brahmanbaria-2,Brahmanbaria,Chittagong,Rural,499448.0,265245.0,234201.0,2.0,2026-02-14 14:42:37.115645+00:00,23.74
244,মোহাম্মদ জুনায়েদ আল হাবীব,80434,Jamiat Ulema-e-Islam Bangladesh,BNP,Brahmanbaria-2,Brahmanbaria,Chittagong,Rural,499448.0,265245.0,234201.0,2.0,2026-02-14 14:42:37.115645+00:00,16.1
245,মোঃ খালেদ হোসেন মাহবুব,209636,BNP,BNP,Brahmanbaria-3,Brahmanbaria,Chittagong,Urban,624601.0,328182.0,296419.0,0.0,2026-02-14 14:42:37.115645+00:00,33.56
245,আতাউল্লাহ,62547,NCP,Jamaat-NCP,Brahmanbaria-3,Brahmanbaria,Chittagong,Urban,624601.0,328182.0,296419.0,0.0,2026-02-14 14:42:37.115645+00:00,10.01
246,মুশফিকুর রহমান,139842,BNP,BNP,Brahmanbaria-4,Brahmanbaria,Chittagong,Rural,443909.0,230647.0,213256.0,6.0,2026-02-14 14:42:37.115645+00:00,31.5
246,মোঃ আতাউর রহমান সরকার,91796,Jamaat,Jamaat-NCP,Brahmanbaria-4,Brahmanbaria,Chittagong,Rural,443909.0,230647.0,213256.0,6.0,2026-02-14 14:42:37.115645+00:00,20.68
247,মোঃ আবদুল মান্নান,85769,BNP,BNP,Brahmanbaria-5,Brahmanbaria,Chittagong,Rural,474826.0,248737.0,226085.0,4.0,2026-02-14 14:42:37.115645+00:00,18.06
247,কাজী নাজমুল হোসেন,84708,Independent,no alliance,Brahmanbaria-5,Brahmanbaria,Chittagong,Rural,474826.0,248737.0,226085.0,4.0,2026-02-14 14:42:37.115645+00:00,17.84
248,মোঃ জোনায়েদ আব্দুর রহিম সাকি,95342,Ganosamhati Andolon (Saki),BNP,Brahmanbaria-6,Brahmanbaria,Chittagong,Rural,289674.0,147260.0,142413.0,1.0,2026-02-14 14:42:37.115645+00:00,32.91
248,মোঃ মহসীন,39967,Jamaat,Jamaat-NCP,Brahmanbaria-6,Brahmanbaria,Chittagong,Rural,289674.0,147260.0,142413.0,1.0,2026-02-14 14:42:37.115645+00:00,13.8
260,আ ন ম এহছানুল হক মিলন,133032,BNP,BNP,Chandpur-1,Chandpur,Chittagong,Rural,356485.0,184802.0,171680.0,3.0,2026-02-14 14:42:37.115645+00:00,37.32
260,আবু নছর মোহাম্মদ মকবুল আহমদ,70368,Jamaat,Jamaat-NCP,Chandpur-1,Chandpur,Chittagong,Rural,356485.0,184802.0,171680.0,3.0,2026-02-14 14:42:37.115645+00:00,19.74
261,মোঃ জালাল উদ্দিন,172506,BNP,BNP,Chandpur-2,Chandpur,Chittagong,Rural,501061.0,256500.0,244559.0,2.0,2026-02-14 14:42:37.115645+00:00,34.43
261,মোঃ বিল্লাল হোসেন,57406,LDP,Jamaat-NCP,Chandpur-2,Chandpur,Chittagong,Rural,501061.0,256500.0,244559.0,2.0,2026-02-14 14:42:37.115645+00:00,11.46
262,শেখ ফরিদ আহম্মেদ,165404,BNP,BNP,Chandpur-3,Chandpur,Chittagong,Urban,546334.0,282704.0,263628.0,2.0,2026-02-14 14:42:37.115645+00:00,30.28
262,মোঃ শাহজাহান মিয়া,100865,Jamaat,Jamaat-NCP,Chandpur-3,Chandpur,Chittagong,Urban,546334.0,282704.0,263628.0,2.0,2026-02-14 14:42:37.115645+00:00,18.46
263,মোঃ হারুনুর রশিদ,67833,BNP,BNP,Chandpur-4,Chandpur,Chittagong,Rural,400631.0,208603.0,192027.0,1.0,2026-02-14 14:42:37.115645+00:00,16.93
263,মোঃ আবদুল হান্নান,73599,Independent,no alliance,Chandpur-4,Chandpur,Chittagong,Rural,400631.0,208603.0,192027.0,1.0,2026-02-14 14:42:37.115645+00:00,18.37
264,মোঃ মমিনুল হক,123789,BNP,BNP,Chandpur-5,Chandpur,Chittagong,Rural,526679.0,269243.0,257433.0,3.0,2026-02-14 14:42:37.115645+00:00,23.5
264,মোঃ নেয়ামুল বশির,50585,LDP,Jamaat-NCP,Chandpur-5,Chandpur,Chittagong,Rural,526679.0,269243.0,257433.0,3.0,2026-02-14 14:42:37.115645+00:00,9.6
43,মোঃ শাহ্‌জাহান মিঞা,162515,BNP,BNP,Chapai Nawabganj-1,Chapai Nawabganj,Rajshahi,Rural,500181.0,255316.0,244865.0,0.0,2026-02-14 14:42:37.115645+00:00,32.49
43,মোঃ কেরামত আলী,206893,Jamaat,Jamaat-NCP,Chapai Nawabganj-1,Chapai Nawabganj,Rajshahi,Rural,500181.0,255316.0,244865.0,0.0,2026-02-14 14:42:37.115645+00:00,41.36
44,মোঃ আমিনুল ইসলাম,155119,BNP,BNP,Chapai Nawabganj-2,Chapai Nawabganj,Rajshahi,Rural,461000.0,228825.0,232174.0,1.0,2026-02-14 14:42:37.115645+00:00,33.65
44,মুঃ মিজানুর রহমান,171227,Jamaat,Jamaat-NCP,Chapai Nawabganj-2,Chapai Nawabganj,Rajshahi,Rural,461000.0,228825.0,232174.0,1.0,2026-02-14 14:42:37.115645+00:00,37.14
45,মোঃ হারুনুর রশীদ,127037,BNP,BNP,Chapai Nawabganj-3,Chapai Nawabganj,Rajshahi,Urban,468479.0,236648.0,231831.0,0.0,2026-02-14 14:42:37.115645+00:00,27.12
45,মোঃ নূরুল ইসলাম,189640,Jamaat,Jamaat-NCP,Chapai Nawabganj-3,Chapai Nawabganj,Rajshahi,Urban,468479.0,236648.0,231831.0,0.0,2026-02-14 14:42:37.115645+00:00,40.48
278,নুরুল আমিন,127645,BNP,BNP,Chittagong-1,Chittagong,Chittagong,Rural,386674.0,199859.0,186811.0,4.0,2026-02-14 14:42:37.115645+00:00,33.01
278,মোহাম্মদ ছাইফুর রহমান,81227,Jamaat,Jamaat-NCP,Chittagong-1,Chittagong,Chittagong,Rural,386674.0,199859.0,186811.0,4.0,2026-02-14 14:42:37.115645+00:00,21.01
287,সাঈদ আল নোমান,122978,BNP,BNP,Chittagong-10,Chittagong,Chittagong,Urban,492444.0,249784.0,242631.0,29.0,2026-02-14 14:42:37.115645+00:00,24.97
287,মুহাম্মদ শামসুজ্জামান হেলালী,76919,Jamaat,Jamaat-NCP,Chittagong-10,Chittagong,Chittagong,Urban,492444.0,249784.0,242631.0,29.0,2026-02-14 14:42:37.115645+00:00,15.62
288,আমির খসরু মাহমুদ চৌধুরী,115999,BNP,BNP,Chittagong-11,Chittagong,Chittagong,Urban,495278.0,252333.0,242942.0,3.0,2026-02-14 14:42:37.115645+00:00,23.42
288,মোহাম্মদ শফিউল আলম,76681,Jamaat,Jamaat-NCP,Chittagong-11,Chittagong,Chittagong,Urban,495278.0,252333.0,242942.0,3.0,2026-02-14 14:42:37.115645+00:00,15.48
289,মোহাম্মদ এনামুল হক,134080,BNP,BNP,Chittagong-12,Chittagong,Chittagong,Rural,352695.0,184254.0,168440.0,1.0,2026-02-14 14:42:37.115645+00:00,38.02
289,ছৈয়দ এয়ার মোহাম্মদ পেয়ারু,28777,Bangladesh Islami Front,no alliance,Chittagong-12,Chittagong,Chittagong,Rural,352695.0,184254.0,168440.0,1.0,2026-02-14 14:42:37.115645+00:00,8.16
290,সরওয়ার জামাল নিজাম,125460,BNP,BNP,Chittagong-13,Chittagong,Chittagong,Rural,395246.0,207714.0,187532.0,0.0,2026-02-14 14:42:37.115645+00:00,31.74
290,"এস, এম, শাহজাহান",54627,Bangladesh Islami Front,no alliance,Chittagong-13,Chittagong,Chittagong,Rural,395246.0,207714.0,187532.0,0.0,2026-02-14 14:42:37.115645+00:00,13.82
291,আলহাজ্ব জসীম উদ্দীন আহমেদ,76493,BNP,BNP,Chittagong-14,Chittagong,Chittagong,Rural,313513.0,165847.0,147665.0,1.0,2026-02-14 14:42:37.115645+00:00,24.4
291,ওমর ফারুক,75467,LDP,Jamaat-NCP,Chittagong-14,Chittagong,Chittagong,Rural,313513.0,165847.0,147665.0,1.0,2026-02-14 14:42:37.115645+00:00,24.07
292,নাজমুল মোস্তফা আমীন,127025,BNP,BNP,Chittagong-15,Chittagong,Chittagong,Rural,506059.0,270915.0,235144.0,0.0,2026-02-14 14:42:37.115645+00:00,25.1
292,শাহজাহান চৌধুরী,172061,Jamaat,Jamaat-NCP,Chittagong-15,Chittagong,Chittagong,Rural,506059.0,270915.0,235144.0,0.0,2026-02-14 14:42:37.115645+00:00,34.0
293,মিশকাতুল ইসলাম চৌধুরী,82237,BNP,BNP,Chittagong-16,Chittagong,Chittagong,Rural,411274.0,219982.0,191287.0,5.0,2026-02-14 14:42:37.115645+00:00,20.0
293,মোহাম্মদ জহিরুল ইসলাম,89960,Jamaat,Jamaat-NCP,Chittagong-16,Chittagong,Chittagong,Rural,411274.0,219982.0,191287.0,5.0,2026-02-14 14:42:37.115645+00:00,21.87
280,মোস্তফা কামাল পাশা,72353,BNP,BNP,Chittagong-3,Chittagong,Chittagong,Rural,260485.0,134720.0,125763.0,2.0,2026-02-14 14:42:37.115645+00:00,27.78
280,মুহাম্মদ আলা উদ্দীন,37153,Jamaat,Jamaat-NCP,Chittagong-3,Chittagong,Chittagong,Rural,260485.0,134720.0,125763.0,2.0,2026-02-14 14:42:37.115645+00:00,14.26
282,মীর মোহাম্মদ হেলাল উদ্দীন,147058,BNP,BNP,Chittagong-5,Chittagong,Chittagong,Rural,501916.0,260903.0,241012.0,1.0,2026-02-14 14:42:37.115645+00:00,29.3
282,মোঃ নাসির উদ্দীন,46589,Bangladesh Khelafat Mojlish,Jamaat-NCP,Chittagong-5,Chittagong,Chittagong,Rural,501916.0,260903.0,241012.0,1.0,2026-02-14 14:42:37.115645+00:00,9.28
283,গিয়াস উদ্দিন কাদের চৌধুরী,112237,BNP,BNP,Chittagong-6,Chittagong,Chittagong,Rural,339988.0,178971.0,161017.0,0.0,2026-02-14 14:42:37.115645+00:00,33.01
283,মোহাম্মদ ইলিয়াছ নূরী,27146,Bangladesh Islami Front,no alliance,Chittagong-6,Chittagong,Chittagong,Rural,339988.0,178971.0,161017.0,0.0,2026-02-14 14:42:37.115645+00:00,7.98
284,হুমাম কাদের চৌধুরী,11445,BNP,BNP,Chittagong-7,Chittagong,Chittagong,Rural,319008.0,167531.0,151476.0,1.0,2026-02-14 14:42:37.115645+00:00,3.59
284,এ টি এম রেজাউল করিম,41719,Jamaat,Jamaat-NCP,Chittagong-7,Chittagong,Chittagong,Rural,319008.0,167531.0,151476.0,1.0,2026-02-14 14:42:37.115645+00:00,13.08
285,এরশাদ উল্লাহ,152969,BNP,BNP,Chittagong-8,Chittagong,Chittagong,Rural,554729.0,282606.0,272122.0,1.0,2026-02-14 14:42:37.115645+00:00,27.58
285,মোঃ আবু নাছের,53564,Jamaat,Jamaat-NCP,Chittagong-8,Chittagong,Chittagong,Rural,554729.0,282606.0,272122.0,1.0,2026-02-14 14:42:37.115645+00:00,9.66
286,মোহাম্মদ আবু সুফিয়ান,109388,BNP,BNP,Chittagong-9,Chittagong,Chittagong,Urban,416363.0,213906.0,202448.0,9.0,2026-02-14 14:42:37.115645+00:00,26.27
286,"ডা, এ কে এম ফজলুল হক",53807,Jamaat,Jamaat-NCP,Chittagong-9,Chittagong,Chittagong,Urban,416363.0,213906.0,202448.0,9.0,2026-02-14 14:42:37.115645+00:00,12.92
79,মোঃ শরীফুজ্জামান,153193,BNP,BNP,Chuadanga-1,Chuadanga,Khulna,Urban,511657.0,254385.0,257265.0,7.0,2026-02-14 14:42:37.115645+00:00,29.94
79,মোঃ মাসুদ পারভেজ,211041,Jamaat,Jamaat-NCP,Chuadanga-1,Chuadanga,Khulna,Urban,511657.0,254385.0,257265.0,7.0,2026-02-14 14:42:37.115645+00:00,41.25
80,মাহমুদ হাসান খান,163877,BNP,BNP,Chuadanga-2,Chuadanga,Khulna,Rural,492431.0,246716.0,245711.0,4.0,2026-02-14 14:42:37.115645+00:00,33.28
80,মোঃ রুহুল আমিন,208011,Jamaat,Jamaat-NCP,Chuadanga-2,Chuadanga,Khulna,Rural,492431.0,246716.0,245711.0,4.0,2026-02-14 14:42:37.115645+00:00,42.24
249,ড. খন্দকার মোশাররফ হোসেন,141440,BNP,BNP,Comilla-1,Comilla,Chittagong,Rural,438616.0,225088.0,213528.0,0.0,2026-02-14 14:42:37.115645+00:00,32.25
249,মোঃ মনিরুজ্জামান,94845,Jamaat,Jamaat-NCP,Comilla-1,Comilla,Chittagong,Rural,438616.0,225088.0,213528.0,0.0,2026-02-14 14:42:37.115645+00:00,21.62
258,মোঃ মোবাশ্বের আলম ভুঁইয়া,163667,BNP,BNP,Comilla-10,Comilla,Chittagong,Rural,536227.0,276647.0,259579.0,1.0,2026-02-14 14:42:37.115645+00:00,30.52
258,মুহাম্মদ ইয়াছিন আরাফাত,123733,Jamaat,Jamaat-NCP,Comilla-10,Comilla,Chittagong,Rural,536227.0,276647.0,259579.0,1.0,2026-02-14 14:42:37.115645+00:00,23.07
259,মোঃ কামরুল হুদা,76638,BNP,BNP,Comilla-11,Comilla,Chittagong,Rural,421632.0,216923.0,204705.0,4.0,2026-02-14 14:42:37.115645+00:00,18.18
259,সৈয়দ আবদুল্লাহ মোহাম্মদ তাহের,133308,Jamaat,Jamaat-NCP,Comilla-11,Comilla,Chittagong,Rural,421632.0,216923.0,204705.0,4.0,2026-02-14 14:42:37.115645+00:00,31.62
250,মোঃ সেলিম ভূঁইয়া,77037,BNP,BNP,Comilla-2,Comilla,Chittagong,Rural,375067.0,196119.0,178947.0,1.0,2026-02-14 14:42:37.115645+00:00,20.54
250,মোঃ আবদুল মতিন,63045,Independent,no alliance,Comilla-2,Comilla,Chittagong,Rural,375067.0,196119.0,178947.0,1.0,2026-02-14 14:42:37.115645+00:00,16.81
251,কাজী শাহ মোফাজ্জাল হোসাইন (কায়কোবাদ),159291,BNP,BNP,Comilla-3,Comilla,Chittagong,Rural,500726.0,258905.0,241817.0,4.0,2026-02-14 14:42:37.115645+00:00,31.81
251,মোঃ ইউছুফ সোহেল,109595,Jamaat,Jamaat-NCP,Comilla-3,Comilla,Chittagong,Rural,500726.0,258905.0,241817.0,4.0,2026-02-14 14:42:37.115645+00:00,21.89
252,মোঃ আঃ জসিম উদ্দিন,49885,GOP (Nuru),BNP,Comilla-4,Comilla,Chittagong,Rural,410559.0,215237.0,195319.0,3.0,2026-02-14 14:42:37.115645+00:00,12.15
252,মোঃ আবুল হাসনাত,166583,NCP,Jamaat-NCP,Comilla-4,Comilla,Chittagong,Rural,410559.0,215237.0,195319.0,3.0,2026-02-14 14:42:37.115645+00:00,40.57
253,মোঃ জসীম উদ্দিন,134485,BNP,BNP,Comilla-5,Comilla,Chittagong,Rural,476172.0,247155.0,229017.0,0.0,2026-02-14 14:42:37.115645+00:00,28.24
253,মোবারক হোসাইন,124547,Jamaat,Jamaat-NCP,Comilla-5,Comilla,Chittagong,Rural,476172.0,247155.0,229017.0,0.0,2026-02-14 14:42:37.115645+00:00,26.16
254,মোঃ মনিরুল হক চৌধুরী,201706,BNP,BNP,Comilla-6,Comilla,Chittagong,Urban,644777.0,324195.0,320575.0,7.0,2026-02-14 14:42:37.115645+00:00,31.28
254,কাজী দ্বীন মোহাম্মদ,119851,Jamaat,Jamaat-NCP,Comilla-6,Comilla,Chittagong,Urban,644777.0,324195.0,320575.0,7.0,2026-02-14 14:42:37.115645+00:00,18.59
255,রেদোয়ান আহমেদ,48509,BNP,BNP,Comilla-7,Comilla,Chittagong,Rural,329166.0,169361.0,159799.0,6.0,2026-02-14 14:42:37.115645+00:00,14.74
255,আতিকুল আলম,91690,Independent,no alliance,Comilla-7,Comilla,Chittagong,Rural,329166.0,169361.0,159799.0,6.0,2026-02-14 14:42:37.115645+00:00,27.86
256,জাকারিয়া তাহের,169178,BNP,BNP,Comilla-8,Comilla,Chittagong,Rural,380833.0,196098.0,184732.0,3.0,2026-02-14 14:42:37.115645+00:00,44.42
256,মোঃ শফিকুল আলম হেলাল,45091,Jamaat,Jamaat-NCP,Comilla-8,Comilla,Chittagong,Rural,380833.0,196098.0,184732.0,3.0,2026-02-14 14:42:37.115645+00:00,11.84
257,মোঃ আবুল কালাম,170008,BNP,BNP,Comilla-9,Comilla,Chittagong,Rural,478535.0,247765.0,230769.0,1.0,2026-02-14 14:42:37.115645+00:00,35.53
257,ছৈয়দ এ কে এম সরওয়ার উদ্দীন ছিদ্দীকি,118961,Jamaat,Jamaat-NCP,Comilla-9,Comilla,Chittagong,Rural,478535.0,247765.0,230769.0,1.0,2026-02-14 14:42:37.115645+00:00,24.86
294,সালাহউদ্দিন আহমদ,219758,BNP,BNP,Cox's Bazar-1,Cox's Bazar,Chittagong,Rural,540490.0,290291.0,250198.0,1.0,2026-02-14 14:42:37.115645+00:00,40.66
294,আব্দুল্লাহ আল ফারুখ,125311,Jamaat,Jamaat-NCP,Cox's Bazar-1,Cox's Bazar,Chittagong,Rural,540490.0,290291.0,250198.0,1.0,2026-02-14 14:42:37.115645+00:00,23.18
295,আলমগীর মুহাম্মদ মাহফুজ উল্লাহ ফরিদ,124660,BNP,BNP,Cox's Bazar-2,Cox's Bazar,Chittagong,Rural,387851.0,206453.0,181398.0,0.0,2026-02-14 14:42:37.115645+00:00,32.14
295,"এ, এইচ, এম হামিদুর রহমান আযাদ",89817,Jamaat,Jamaat-NCP,Cox's Bazar-2,Cox's Bazar,Chittagong,Rural,387851.0,206453.0,181398.0,0.0,2026-02-14 14:42:37.115645+00:00,23.16
296,লুৎফুর রহমান,181460,BNP,BNP,Cox's Bazar-3,Cox's Bazar,Chittagong,Urban,545962.0,291099.0,254862.0,1.0,2026-02-14 14:42:37.115645+00:00,33.24
296,শহীদুল আলম  (বাহাদুর),152994,Jamaat,Jamaat-NCP,Cox's Bazar-3,Cox's Bazar,Chittagong,Urban,545962.0,291099.0,254862.0,1.0,2026-02-14 14:42:37.115645+00:00,28.02
297,শাহজাহান চৌধুরী,122909,BNP,BNP,Cox's Bazar-4,Cox's Bazar,Chittagong,Rural,375688.0,192803.0,182879.0,6.0,2026-02-14 14:42:37.115645+00:00,32.72
297,নুর আহমদ আনোয়ারী,121980,Jamaat,Jamaat-NCP,Cox's Bazar-4,Cox's Bazar,Chittagong,Rural,375688.0,192803.0,182879.0,6.0,2026-02-14 14:42:37.115645+00:00,32.47
174,খোন্দকার আবু আশফাক,173781,BNP,BNP,Dhaka-1,Dhaka,Dhaka,Rural,545140.0,276050.0,269085.0,5.0,2026-02-14 14:42:37.115645+00:00,31.88
174,মোহাম্মাদ নজরুল ইসলাম,112622,Jamaat,Jamaat-NCP,Dhaka-1,Dhaka,Dhaka,Rural,545140.0,276050.0,269085.0,5.0,2026-02-14 14:42:37.115645+00:00,20.66
183,শেখ রবিউল আলম,80436,BNP,BNP,Dhaka-10,Dhaka,Dhaka,Urban,388660.0,204604.0,184050.0,6.0,2026-02-14 14:42:37.115645+00:00,20.7
183,মোঃ জসীম উদ্দীন সরকার,77136,Jamaat,Jamaat-NCP,Dhaka-10,Dhaka,Dhaka,Urban,388660.0,204604.0,184050.0,6.0,2026-02-14 14:42:37.115645+00:00,19.85
184,"এম, এ, কাইয়ুম",91833,BNP,BNP,Dhaka-11,Dhaka,Dhaka,Urban,439078.0,222877.0,216198.0,3.0,2026-02-14 14:42:37.115645+00:00,20.91
184,মোঃ নাহিদ ইসলাম,93872,NCP,Jamaat-NCP,Dhaka-11,Dhaka,Dhaka,Urban,439078.0,222877.0,216198.0,3.0,2026-02-14 14:42:37.115645+00:00,21.38
185,মোঃ সাইফুল আলম,53773,Jamaat,Jamaat-NCP,Dhaka-12,Dhaka,Dhaka,Urban,333320.0,174349.0,158968.0,3.0,2026-02-14 14:42:37.115645+00:00,16.13
185,সাইফুল হক,30963,Revolutionary Workers Party of Bangladesh,BNP,Dhaka-12,Dhaka,Dhaka,Urban,333320.0,174349.0,158968.0,3.0,2026-02-14 14:42:37.115645+00:00,9.29
186,ববি হাজ্জাজ,88387,BNP,BNP,Dhaka-13,Dhaka,Dhaka,Urban,408791.0,209812.0,198971.0,8.0,2026-02-14 14:42:37.115645+00:00,21.62
186,মোঃ মামুনুল হক,86067,Bangladesh Khelafat Mojlish,Jamaat-NCP,Dhaka-13,Dhaka,Dhaka,Urban,408791.0,209812.0,198971.0,8.0,2026-02-14 14:42:37.115645+00:00,21.05
187,সানজিদা ইসলাম,83323,BNP,BNP,Dhaka-14,Dhaka,Dhaka,Urban,456044.0,232066.0,223974.0,4.0,2026-02-14 14:42:37.115645+00:00,18.27
187,মীর আহমাদ বিনকাসেম,101113,Jamaat,Jamaat-NCP,Dhaka-14,Dhaka,Dhaka,Urban,456044.0,232066.0,223974.0,4.0,2026-02-14 14:42:37.115645+00:00,22.17
188,মোঃ শফিকুল ইসলাম খান,63517,BNP,BNP,Dhaka-15,Dhaka,Dhaka,Urban,351718.0,179616.0,172098.0,4.0,2026-02-14 14:42:37.115645+00:00,18.06
188,মোঃ শফিকুর রহমান,85131,Jamaat,Jamaat-NCP,Dhaka-15,Dhaka,Dhaka,Urban,351718.0,179616.0,172098.0,4.0,2026-02-14 14:42:37.115645+00:00,24.2
189,মোঃ আমিনুল হক,85467,BNP,BNP,Dhaka-16,Dhaka,Dhaka,Urban,400499.0,201168.0,199323.0,8.0,2026-02-14 14:42:37.115645+00:00,21.34
189,মোঃ আব্দুল বাতেন,88828,Jamaat,Jamaat-NCP,Dhaka-16,Dhaka,Dhaka,Urban,400499.0,201168.0,199323.0,8.0,2026-02-14 14:42:37.115645+00:00,22.18
190,তারেক রহমান,72699,BNP,BNP,Dhaka-17,Dhaka,Dhaka,Urban,333777.0,174709.0,159060.0,8.0,2026-02-14 14:42:37.115645+00:00,21.78
190,স. ম. খালিদুজ্জামান,68300,Jamaat,Jamaat-NCP,Dhaka-17,Dhaka,Dhaka,Urban,333777.0,174709.0,159060.0,8.0,2026-02-14 14:42:37.115645+00:00,20.46
191,"এস, এম, জাহাঙ্গীর হোসেন",144715,BNP,BNP,Dhaka-18,Dhaka,Dhaka,Urban,613883.0,313050.0,300827.0,6.0,2026-02-14 14:42:37.115645+00:00,23.57
191,আরিফুল ইসলাম,111297,NCP,Jamaat-NCP,Dhaka-18,Dhaka,Dhaka,Urban,613883.0,313050.0,300827.0,6.0,2026-02-14 14:42:37.115645+00:00,18.13
192,দেওয়ান মোহাম্মদ সালাউদ্দিন,190976,BNP,BNP,Dhaka-19,Dhaka,Dhaka,Urban,747070.0,379906.0,367151.0,13.0,2026-02-14 14:42:37.115645+00:00,25.56
192,দিলশানা পারুল,125283,NCP,Jamaat-NCP,Dhaka-19,Dhaka,Dhaka,Urban,747070.0,379906.0,367151.0,13.0,2026-02-14 14:42:37.115645+00:00,16.77
175,মোঃ আমানউল্লাহ আমান,163020,BNP,BNP,Dhaka-2,Dhaka,Dhaka,Urban,419215.0,217908.0,201298.0,9.0,2026-02-14 14:42:37.115645+00:00,38.89
175,মোঃ আব্দুল হক,78655,Jamaat,Jamaat-NCP,Dhaka-2,Dhaka,Dhaka,Urban,419215.0,217908.0,201298.0,9.0,2026-02-14 14:42:37.115645+00:00,18.76
193,মোঃ তমিজ উদ্দিন,160428,BNP,BNP,Dhaka-20,Dhaka,Dhaka,Rural,376639.0,187835.0,188802.0,2.0,2026-02-14 14:42:37.115645+00:00,42.59
193,নাবিলা তাসনিদ,56343,NCP,Jamaat-NCP,Dhaka-20,Dhaka,Dhaka,Rural,376639.0,187835.0,188802.0,2.0,2026-02-14 14:42:37.115645+00:00,14.96
176,গয়েশ্বর চন্দ্র রায়,98785,BNP,BNP,Dhaka-3,Dhaka,Dhaka,Urban,362159.0,184971.0,177184.0,4.0,2026-02-14 14:42:37.115645+00:00,27.28
176,মোঃ শাহীনুর ইসলাম,82232,Jamaat,Jamaat-NCP,Dhaka-3,Dhaka,Dhaka,Urban,362159.0,184971.0,177184.0,4.0,2026-02-14 14:42:37.115645+00:00,22.71
177,তানভীর আহমেদ,74447,BNP,BNP,Dhaka-4,Dhaka,Dhaka,Urban,362506.0,186467.0,176034.0,5.0,2026-02-14 14:42:37.115645+00:00,20.54
177,সৈয়দ জয়নুল আবেদীন,77367,Jamaat,Jamaat-NCP,Dhaka-4,Dhaka,Dhaka,Urban,362506.0,186467.0,176034.0,5.0,2026-02-14 14:42:37.115645+00:00,21.34
178,মোঃ নবী উল্লা,87491,BNP,BNP,Dhaka-5,Dhaka,Dhaka,Urban,419996.0,214594.0,205397.0,5.0,2026-02-14 14:42:37.115645+00:00,20.83
178,মোহাম্মদ কামাল হোসেন,96641,Jamaat,Jamaat-NCP,Dhaka-5,Dhaka,Dhaka,Urban,419996.0,214594.0,205397.0,5.0,2026-02-14 14:42:37.115645+00:00,23.01
179,ইশরাক হোসেন,78850,BNP,BNP,Dhaka-6,Dhaka,Dhaka,Urban,292283.0,152519.0,139761.0,3.0,2026-02-14 14:42:37.115645+00:00,26.98
179,মোঃ আব্দুল মান্নান,55697,Jamaat,Jamaat-NCP,Dhaka-6,Dhaka,Dhaka,Urban,292283.0,152519.0,139761.0,3.0,2026-02-14 14:42:37.115645+00:00,19.06
180,হামিদুর রহমান,104666,BNP,BNP,Dhaka-7,Dhaka,Dhaka,Urban,479376.0,248481.0,230883.0,12.0,2026-02-14 14:42:37.115645+00:00,21.83
180,মোঃ এনায়াত উল্লা,98483,Jamaat,Jamaat-NCP,Dhaka-7,Dhaka,Dhaka,Urban,479376.0,248481.0,230883.0,12.0,2026-02-14 14:42:37.115645+00:00,20.54
181,মির্জা আব্বাস উদ্দিন আহমেদ,59366,BNP,BNP,Dhaka-8,Dhaka,Dhaka,Urban,275471.0,152795.0,122675.0,1.0,2026-02-14 14:42:37.115645+00:00,21.55
181,মুহাম্মাদ নাসীরুদ্দীন পাটওয়ারী,54127,NCP,Jamaat-NCP,Dhaka-8,Dhaka,Dhaka,Urban,275471.0,152795.0,122675.0,1.0,2026-02-14 14:42:37.115645+00:00,19.65
182,হাবিবুর রশিদ,111212,BNP,BNP,Dhaka-9,Dhaka,Dhaka,Urban,469360.0,237673.0,231682.0,5.0,2026-02-14 14:42:37.115645+00:00,23.69
182,মোহাম্মদ জাবেদ মিয়া,53460,NCP,Jamaat-NCP,Dhaka-9,Dhaka,Dhaka,Urban,469360.0,237673.0,231682.0,5.0,2026-02-14 14:42:37.115645+00:00,11.39
6,মোঃ মনজুরুল ইসলাম,178489,BNP,BNP,Dinajpur-1,Dinajpur,Rangpur,Rural,417133.0,208919.0,208212.0,2.0,2026-02-14 14:42:37.115645+00:00,42.79
6,মোঃ মতিউর রহমান,116488,Jamaat,Jamaat-NCP,Dinajpur-1,Dinajpur,Rangpur,Rural,417133.0,208919.0,208212.0,2.0,2026-02-14 14:42:37.115645+00:00,27.93
7,মোঃ সাদিক রিয়াজ,144317,BNP,BNP,Dinajpur-2,Dinajpur,Rangpur,Rural,371478.0,187112.0,184366.0,0.0,2026-02-14 14:42:37.115645+00:00,38.85
7,"এ, কে, এম আফজালুল আনাম",101831,Jamaat,Jamaat-NCP,Dinajpur-2,Dinajpur,Rangpur,Rural,371478.0,187112.0,184366.0,0.0,2026-02-14 14:42:37.115645+00:00,27.41
8,সৈয়দ জাহাঙ্গীর আলম,139207,BNP,BNP,Dinajpur-3,Dinajpur,Rangpur,Urban,415636.0,205486.0,210148.0,2.0,2026-02-14 14:42:37.115645+00:00,33.49
8,মোঃ মাইনুল আলম,134618,Jamaat,Jamaat-NCP,Dinajpur-3,Dinajpur,Rangpur,Urban,415636.0,205486.0,210148.0,2.0,2026-02-14 14:42:37.115645+00:00,32.39
9,মোঃ আখতারুজ্জামান মিয়া,165577,BNP,BNP,Dinajpur-4,Dinajpur,Rangpur,Rural,421278.0,211304.0,209972.0,2.0,2026-02-14 14:42:37.115645+00:00,39.3
9,মোঃ আফতাব উদ্দীন মোল্লা,127666,Jamaat,Jamaat-NCP,Dinajpur-4,Dinajpur,Rangpur,Rural,421278.0,211304.0,209972.0,2.0,2026-02-14 14:42:37.115645+00:00,30.3
10,"এ, জেড, এম, রেজওয়ানুল হক",113650,Independent,no alliance,Dinajpur-5,Dinajpur,Rangpur,Rural,477516.0,238583.0,238930.0,3.0,2026-02-14 14:42:37.115645+00:00,23.8
10,মোঃ আব্দুল আহাদ,108948,NCP,Jamaat-NCP,Dinajpur-5,Dinajpur,Rangpur,Rural,477516.0,238583.0,238930.0,3.0,2026-02-14 14:42:37.115645+00:00,22.82
11,আবু জাফর মোঃ জাহিদ হোসেন,203887,BNP,BNP,Dinajpur-6,Dinajpur,Rangpur,Rural,557692.0,278086.0,279593.0,13.0,2026-02-14 14:42:37.115645+00:00,36.56
11,মোঃ আনোয়ারুল ইসলাম,188791,Jamaat,Jamaat-NCP,Dinajpur-6,Dinajpur,Rangpur,Rural,557692.0,278086.0,279593.0,13.0,2026-02-14 14:42:37.115645+00:00,33.85
211,খন্দোকার নাসিরুল ইসলাম,126476,BNP,BNP,Faridpur-1,Faridpur,Dhaka,Rural,510540.0,259335.0,251204.0,1.0,2026-02-14 14:42:37.115645+00:00,24.77
211,মোঃ ইলিয়াস মোল্লা,154145,Jamaat,Jamaat-NCP,Faridpur-1,Faridpur,Dhaka,Rural,510540.0,259335.0,251204.0,1.0,2026-02-14 14:42:37.115645+00:00,30.19
212,শামা ওবায়েদ ইসলাম,121994,BNP,BNP,Faridpur-2,Faridpur,Dhaka,Rural,332041.0,172904.0,159137.0,0.0,2026-02-14 14:42:37.115645+00:00,36.74
212,মোঃ আকরাম আলী,89305,Bangladesh Khelafat Mojlish,Jamaat-NCP,Faridpur-2,Faridpur,Dhaka,Rural,332041.0,172904.0,159137.0,0.0,2026-02-14 14:42:37.115645+00:00,26.9
213,নায়াব ইউসুফ আহমেদ,148545,BNP,BNP,Faridpur-3,Faridpur,Dhaka,Urban,432628.0,216022.0,216600.0,6.0,2026-02-14 14:42:37.115645+00:00,34.34
213,মোঃ আবদুত তাওয়াব,124115,Jamaat,Jamaat-NCP,Faridpur-3,Faridpur,Dhaka,Urban,432628.0,216022.0,216600.0,6.0,2026-02-14 14:42:37.115645+00:00,28.69
214,মোঃ শহিদুল ইসলাম,127443,BNP,BNP,Faridpur-4,Faridpur,Dhaka,Rural,496706.0,254655.0,242050.0,1.0,2026-02-14 14:42:37.115645+00:00,25.66
214,মোঃ সরোয়ার হোসাইন,75805,Jamaat,Jamaat-NCP,Faridpur-4,Faridpur,Dhaka,Rural,496706.0,254655.0,242050.0,1.0,2026-02-14 14:42:37.115645+00:00,15.26
265,মুন্সী রফিকুল আলম,119904,BNP,BNP,Feni-1,Feni,Chittagong,Rural,385652.0,198759.0,186890.0,3.0,2026-02-14 14:42:37.115645+00:00,31.09
265,এস এম কামালউদ্দীন,85615,Jamaat,Jamaat-NCP,Feni-1,Feni,Chittagong,Rural,385652.0,198759.0,186890.0,3.0,2026-02-14 14:42:37.115645+00:00,22.2
266,মোহাম্মদ মজিবুর রহমান ভূঁঞা,80058,AB Party,Jamaat-NCP,Feni-2,Feni,Chittagong,Urban,437078.0,225881.0,211194.0,3.0,2026-02-14 14:42:37.115645+00:00,18.32
266,জয়নাল আবদিন,131210,BNP,BNP,Feni-2,Feni,Chittagong,Urban,437078.0,225881.0,211194.0,3.0,2026-02-14 14:42:37.115645+00:00,30.02
267,আবদুল আউয়াল মিন্টু,157425,BNP,BNP,Feni-3,Feni,Chittagong,Rural,508194.0,263227.0,244965.0,2.0,2026-02-14 14:42:37.115645+00:00,30.98
267,মোহাম্মদ ফখরুদ্দিন,108160,Jamaat,Jamaat-NCP,Feni-3,Feni,Chittagong,Rural,508194.0,263227.0,244965.0,2.0,2026-02-14 14:42:37.115645+00:00,21.28
29,খন্দকার জিয়াউল ইসলাম মোহাম্মদ আলী,37997,BNP,BNP,Gaibandha-1,Gaibandha,Rangpur,Rural,419111.0,207573.0,211535.0,3.0,2026-02-14 14:42:37.115645+00:00,9.07
29,মোঃ মাজেদুর রহমান,140726,Jamaat,Jamaat-NCP,Gaibandha-1,Gaibandha,Rangpur,Rural,419111.0,207573.0,211535.0,3.0,2026-02-14 14:42:37.115645+00:00,33.58
30,মোঃ আনিসুজ্জামান খান বাবু,92890,BNP,BNP,Gaibandha-2,Gaibandha,Rangpur,Urban,411460.0,202034.0,209415.0,11.0,2026-02-14 14:42:37.115645+00:00,22.58
30,মোঃ আব্দুল করিম,122630,Jamaat,Jamaat-NCP,Gaibandha-2,Gaibandha,Rangpur,Urban,411460.0,202034.0,209415.0,11.0,2026-02-14 14:42:37.115645+00:00,29.8
31,অধ্যাপক ডাঃ সৈয়দ মইনুল হাসান সাদিক,139864,BNP,BNP,Gaibandha-3,Gaibandha,Rangpur,Rural,506185.0,248901.0,257275.0,9.0,2026-02-14 14:42:37.115645+00:00,27.63
31,আবুল কাওছার মোহাম্মদ নজরুল ইসলাম,162457,Jamaat,Jamaat-NCP,Gaibandha-3,Gaibandha,Rangpur,Rural,506185.0,248901.0,257275.0,9.0,2026-02-14 14:42:37.115645+00:00,32.09
32,মোহাম্মদ শামীম কায়সার,142772,BNP,BNP,Gaibandha-4,Gaibandha,Rangpur,Rural,468384.0,231616.0,236758.0,10.0,2026-02-14 14:42:37.115645+00:00,30.48
32,মোঃ আব্দুর রহিম সরকার,139738,Jamaat,Jamaat-NCP,Gaibandha-4,Gaibandha,Rangpur,Rural,468384.0,231616.0,236758.0,10.0,2026-02-14 14:42:37.115645+00:00,29.83
33,মোঃ ফারুক আলম সরকার,73483,BNP,BNP,Gaibandha-5,Gaibandha,Rangpur,Rural,385261.0,192277.0,192981.0,3.0,2026-02-14 14:42:37.115645+00:00,19.07
33,মোঃ আব্দুল ওয়ারেছ,89274,Jamaat,Jamaat-NCP,Gaibandha-5,Gaibandha,Rangpur,Rural,385261.0,192277.0,192981.0,3.0,2026-02-14 14:42:37.115645+00:00,23.17
194,মোঃ মজিবুর রহমান,208688,BNP,BNP,Gazipur-1,Gazipur,Dhaka,Rural,720939.0,360234.0,360693.0,12.0,2026-02-14 14:42:37.115645+00:00,28.95
194,মোঃ শাহ্‌ আলম বকশী,149553,Jamaat,Jamaat-NCP,Gazipur-1,Gazipur,Dhaka,Rural,720939.0,360234.0,360693.0,12.0,2026-02-14 14:42:37.115645+00:00,20.74
195,এম মঞ্জুরুল করিম রনি,188606,BNP,BNP,Gazipur-2,Gazipur,Dhaka,Urban,804333.0,400402.0,403918.0,13.0,2026-02-14 14:42:37.115645+00:00,23.45
195,আলী নাছের খান,140950,NCP,Jamaat-NCP,Gazipur-2,Gazipur,Dhaka,Urban,804333.0,400402.0,403918.0,13.0,2026-02-14 14:42:37.115645+00:00,17.52
196,"এস,এম, রফিকুল ইসলাম",161258,BNP,BNP,Gazipur-3,Gazipur,Dhaka,Rural,527360.0,260191.0,267162.0,7.0,2026-02-14 14:42:37.115645+00:00,30.58
196,মুহাম্মদ এহসানুল হক,99354,Bangladesh Khelafat Mojlish,Jamaat-NCP,Gazipur-3,Gazipur,Dhaka,Rural,527360.0,260191.0,267162.0,7.0,2026-02-14 14:42:37.115645+00:00,18.84
197,শাহ রিয়াজুল হান্নান,87505,BNP,BNP,Gazipur-4,Gazipur,Dhaka,Rural,330977.0,164429.0,166548.0,0.0,2026-02-14 14:42:37.115645+00:00,26.44
197,সালাহ উদ্দিন,96911,Jamaat,Jamaat-NCP,Gazipur-4,Gazipur,Dhaka,Rural,330977.0,164429.0,166548.0,0.0,2026-02-14 14:42:37.115645+00:00,29.28
198,"এ, কে, এম, ফজলুল হক মিলন",133869,BNP,BNP,Gazipur-5,Gazipur,Dhaka,Rural,354643.0,179093.0,175548.0,2.0,2026-02-14 14:42:37.115645+00:00,37.75
198,মো: খায়রুল হাসান,78123,Jamaat,Jamaat-NCP,Gazipur-5,Gazipur,Dhaka,Rural,354643.0,179093.0,175548.0,2.0,2026-02-14 14:42:37.115645+00:00,22.03
215,মোঃ সেলিমুজ্জামান মোল্যা,71579,BNP,BNP,Gopalganj-1,Gopalganj,Dhaka,Rural,399510.0,202816.0,196694.0,0.0,2026-02-14 14:42:37.115645+00:00,17.92
215,মোঃ কাবির মিয়া,54464,GOP (Nuru),BNP,Gopalganj-1,Gopalganj,Dhaka,Rural,399510.0,202816.0,196694.0,0.0,2026-02-14 14:42:37.115645+00:00,13.63
216,কে এম বাবর,40048,BNP,BNP,Gopalganj-2,Gopalganj,Dhaka,Urban,384326.0,194060.0,190262.0,4.0,2026-02-14 14:42:37.115645+00:00,10.42
216,"এম, এইচ খান মনজু",33039,Independent,no alliance,Gopalganj-2,Gopalganj,Dhaka,Urban,384326.0,194060.0,190262.0,4.0,2026-02-14 14:42:37.115645+00:00,8.6
217,"এস, এম, জিলানী",60166,BNP,BNP,Gopalganj-3,Gopalganj,Dhaka,Rural,308784.0,158403.0,150380.0,1.0,2026-02-14 14:42:37.115645+00:00,19.48
217,গোবিন্দ চন্দ্র প্রামাণিক,33867,Independent,no alliance,Gopalganj-3,Gopalganj,Dhaka,Rural,308784.0,158403.0,150380.0,1.0,2026-02-14 14:42:37.115645+00:00,10.97
239,রেজা কিবরিয়া,111999,BNP,BNP,Habiganj-1,Habiganj,Sylhet,Rural,466921.0,236576.0,230340.0,5.0,2026-02-14 14:42:37.115645+00:00,23.99
239,মাওলানা সিরাজুল ইসলাম,56132,Bangladesh Khelafat Mojlish,Jamaat-NCP,Habiganj-1,Habiganj,Sylhet,Rural,466921.0,236576.0,230340.0,5.0,2026-02-14 14:42:37.115645+00:00,12.02
240,আবু মনসুর সাখাওয়াত হাসান,126583,BNP,BNP,Habiganj-2,Habiganj,Sylhet,Rural,394756.0,200162.0,194590.0,4.0,2026-02-14 14:42:37.115645+00:00,32.07
240,আব্দুল বাছিত আজাদ,65762,Khelafat Mojlish,Jamaat-NCP,Habiganj-2,Habiganj,Sylhet,Rural,394756.0,200162.0,194590.0,4.0,2026-02-14 14:42:37.115645+00:00,16.66
241,আলহাজ্ব মোঃ জি কে গউছ,142456,BNP,BNP,Habiganj-3,Habiganj,Sylhet,Urban,419573.0,213298.0,206262.0,13.0,2026-02-14 14:42:37.115645+00:00,33.95
241,কাজী মহসিন আহমদ,45568,Jamaat,Jamaat-NCP,Habiganj-3,Habiganj,Sylhet,Urban,419573.0,213298.0,206262.0,13.0,2026-02-14 14:42:37.115645+00:00,10.86
242,"এস, এম, ফয়সল",188072,BNP,BNP,Habiganj-4,Habiganj,Sylhet,Rural,552711.0,278660.0,274049.0,2.0,2026-02-14 14:42:37.115645+00:00,34.03
242,মোঃ গিয়াস উদ্দিন,84323,Bangladesh Islami Front,no alliance,Habiganj-4,Habiganj,Sylhet,Rural,552711.0,278660.0,274049.0,2.0,2026-02-14 14:42:37.115645+00:00,15.26
138,এম রশিদুজ্জামান মিল্লাত,172011,BNP,BNP,Jamalpur-1,Jamalpur,Mymensingh,Rural,431707.0,216207.0,215498.0,2.0,2026-02-14 14:42:37.115645+00:00,39.84
138,মুহাম্মদ নাজমুল হক সাঈদী,93661,Jamaat,Jamaat-NCP,Jamalpur-1,Jamalpur,Mymensingh,Rural,431707.0,216207.0,215498.0,2.0,2026-02-14 14:42:37.115645+00:00,21.7
139,"এ, ই, সুলতান মাহমুদ বাবু",95378,BNP,BNP,Jamalpur-2,Jamalpur,Mymensingh,Rural,282103.0,144469.0,137633.0,1.0,2026-02-14 14:42:37.115645+00:00,33.81
139,মোঃ ছামিউল হক,61655,Jamaat,Jamaat-NCP,Jamalpur-2,Jamalpur,Mymensingh,Rural,282103.0,144469.0,137633.0,1.0,2026-02-14 14:42:37.115645+00:00,21.86
140,মোঃ মোস্তাফিজুর রহমান বাবুল,206214,BNP,BNP,Jamalpur-3,Jamalpur,Mymensingh,Rural,539504.0,274257.0,265241.0,6.0,2026-02-14 14:42:37.115645+00:00,38.22
140,মোঃ মুজিবুর রহমান আজাদী,44161,Jamaat,Jamaat-NCP,Jamalpur-3,Jamalpur,Mymensingh,Rural,539504.0,274257.0,265241.0,6.0,2026-02-14 14:42:37.115645+00:00,8.19
141,মোঃ ফরিদুল কবীর তালুকদার,146546,BNP,BNP,Jamalpur-4,Jamalpur,Mymensingh,Rural,304992.0,151527.0,153464.0,1.0,2026-02-14 14:42:37.115645+00:00,48.05
141,মোহাম্মদ আব্দুল আওয়াল,44161,Jamaat,Jamaat-NCP,Jamalpur-4,Jamalpur,Mymensingh,Rural,304992.0,151527.0,153464.0,1.0,2026-02-14 14:42:37.115645+00:00,14.48
142,শাহ মোঃ ওয়ারেছ আলী মামুন,198292,BNP,BNP,Jamalpur-5,Jamalpur,Mymensingh,Urban,576810.0,281747.0,295053.0,10.0,2026-02-14 14:42:37.115645+00:00,34.38
142,মুহাম্মদ আব্দুস সাত্তার,111695,Jamaat,Jamaat-NCP,Jamalpur-5,Jamalpur,Mymensingh,Urban,576810.0,281747.0,295053.0,10.0,2026-02-14 14:42:37.115645+00:00,19.36
85,মোঃ নুরুজ্জামান লিটন,93542,BNP,BNP,Jessore-1,Jessore,Khulna,Rural,308417.0,153296.0,155118.0,3.0,2026-02-14 14:42:37.115645+00:00,30.33
85,মুহাম্মাদ আজীজুর রহমান.,119093,Jamaat,Jamaat-NCP,Jessore-1,Jessore,Khulna,Rural,308417.0,153296.0,155118.0,3.0,2026-02-14 14:42:37.115645+00:00,38.61
86,মোছাঃ সাবিরা সুলতানা,146647,BNP,BNP,Jessore-2,Jessore,Khulna,Rural,477565.0,237430.0,240133.0,2.0,2026-02-14 14:42:37.115645+00:00,30.71
86,মোহাম্মদ মোসলেহউদ্দিন ফরিদ,180965,Jamaat,Jamaat-NCP,Jessore-2,Jessore,Khulna,Rural,477565.0,237430.0,240133.0,2.0,2026-02-14 14:42:37.115645+00:00,37.89
87,অনিন্দ্য ইসলাম অমিত,201339,BNP,BNP,Jessore-3,Jessore,Khulna,Urban,606638.0,301888.0,304740.0,10.0,2026-02-14 14:42:37.115645+00:00,33.19
87,মোঃ আব্দুল কাদের,187463,Jamaat,Jamaat-NCP,Jessore-3,Jessore,Khulna,Urban,606638.0,301888.0,304740.0,10.0,2026-02-14 14:42:37.115645+00:00,30.9
88,মতিয়ার রহমান ফারাজী,131917,BNP,BNP,Jessore-4,Jessore,Khulna,Rural,453634.0,224371.0,229259.0,4.0,2026-02-14 14:42:37.115645+00:00,29.08
88,মোঃ গোলাম রছুল,176912,Jamaat,Jamaat-NCP,Jessore-4,Jessore,Khulna,Rural,453634.0,224371.0,229259.0,4.0,2026-02-14 14:42:37.115645+00:00,39.0
89,শহীদ মোঃ ইকবাল হোসেন,85045,Independent,no alliance,Jessore-5,Jessore,Khulna,Rural,369082.0,184215.0,184863.0,4.0,2026-02-14 14:42:37.115645+00:00,23.04
89,গাজী এনামুল হক,132876,Jamaat,Jamaat-NCP,Jessore-5,Jessore,Khulna,Rural,369082.0,184215.0,184863.0,4.0,2026-02-14 14:42:37.115645+00:00,36.0
90,মোঃ আবুল হোসেন আজাদ,79321,BNP,BNP,Jessore-6,Jessore,Khulna,Rural,226423.0,113134.0,113287.0,2.0,2026-02-14 14:42:37.115645+00:00,35.03
90,মোঃ মোক্তার আলী,91018,Jamaat,Jamaat-NCP,Jessore-6,Jessore,Khulna,Rural,226423.0,113134.0,113287.0,2.0,2026-02-14 14:42:37.115645+00:00,40.2
125,রফিকুল ইসলাম জামাল,62010,BNP,BNP,Jhalokati-1,Jhalokati,Barisal,Rural,225342.0,114117.0,111223.0,2.0,2026-02-14 14:42:37.115645+00:00,27.52
125,ফয়জুল হক,55120,Jamaat,Jamaat-NCP,Jhalokati-1,Jhalokati,Barisal,Rural,225342.0,114117.0,111223.0,2.0,2026-02-14 14:42:37.115645+00:00,24.46
126,ইসরাত সুলতানা ইলেন ভূট্টো,113100,BNP,BNP,Jhalokati-2,Jhalokati,Barisal,Urban,361001.0,181859.0,179140.0,2.0,2026-02-14 14:42:37.115645+00:00,31.33
126,এস এম নেয়ামুল করিম,69805,Jamaat,Jamaat-NCP,Jhalokati-2,Jhalokati,Barisal,Urban,361001.0,181859.0,179140.0,2.0,2026-02-14 14:42:37.115645+00:00,19.34
81,মোঃ আসাদুজ্জামান,171598,BNP,BNP,Jhenaidah-1,Jhenaidah,Khulna,Rural,325278.0,163001.0,162277.0,0.0,2026-02-14 14:42:37.115645+00:00,52.75
81,আবু ছালেহ মোঃ মতিউর রহমান,55577,Jamaat,Jamaat-NCP,Jhenaidah-1,Jhenaidah,Khulna,Rural,325278.0,163001.0,162277.0,0.0,2026-02-14 14:42:37.115645+00:00,17.09
82,মোঃ আব্দুল মজিদ,175984,BNP,BNP,Jhenaidah-2,Jhenaidah,Khulna,Urban,506640.0,251666.0,254963.0,11.0,2026-02-14 14:42:37.115645+00:00,34.74
82,আলী আজম মোঃ আবু বকর,195702,Jamaat,Jamaat-NCP,Jhenaidah-2,Jhenaidah,Khulna,Urban,506640.0,251666.0,254963.0,11.0,2026-02-14 14:42:37.115645+00:00,38.63
83,মোহাম্মদ মেহেদী হাসান,149821,BNP,BNP,Jhenaidah-3,Jhenaidah,Khulna,Rural,431015.0,217470.0,213542.0,3.0,2026-02-14 14:42:37.115645+00:00,34.76
83,মোঃ মতিয়ার রহমান,175857,Jamaat,Jamaat-NCP,Jhenaidah-3,Jhenaidah,Khulna,Rural,431015.0,217470.0,213542.0,3.0,2026-02-14 14:42:37.115645+00:00,40.8
84,মোঃ সাইফুল ইসলাম ফিরোজ,77104,Independent,no alliance,Jhenaidah-4,Jhenaidah,Khulna,Rural,333464.0,168255.0,165204.0,5.0,2026-02-14 14:42:37.115645+00:00,23.12
84,মোঃ আবু তালিব,159099,Jamaat,Jamaat-NCP,Jhenaidah-4,Jhenaidah,Khulna,Rural,333464.0,168255.0,165204.0,5.0,2026-02-14 14:42:37.115645+00:00,47.71
34,মোঃ মাসুদ রানা প্রধান,154835,BNP,BNP,Joypurhat-1,Joypurhat,Rajshahi,Urban,466274.0,231984.0,234282.0,8.0,2026-02-14 14:42:37.115645+00:00,33.21
34,মোঃ ফজলুর রহমান সাঈদ,163876,Jamaat,Jamaat-NCP,Joypurhat-1,Joypurhat,Rajshahi,Urban,466274.0,231984.0,234282.0,8.0,2026-02-14 14:42:37.115645+00:00,35.15
35,মোঃ আব্দুল বারী,157128,BNP,BNP,Joypurhat-2,Joypurhat,Rajshahi,Rural,351572.0,174177.0,177393.0,2.0,2026-02-14 14:42:37.115645+00:00,44.69
35,এস এম রাশেদুল আলম,91012,Jamaat,Jamaat-NCP,Joypurhat-2,Joypurhat,Rajshahi,Rural,351572.0,174177.0,177393.0,2.0,2026-02-14 14:42:37.115645+00:00,25.89
298,আবদুল ওয়াদুদ ভূঁঞা,151040,BNP,BNP,Khagrachari,Khagrachari,Chittagong,Rural,554119.0,280206.0,273909.0,4.0,2026-02-14 14:42:37.115645+00:00,27.26
298,ধর্ম জ্যোতি চাকমা,68315,Independent,no alliance,Khagrachari,Khagrachari,Chittagong,Rural,554119.0,280206.0,273909.0,4.0,2026-02-14 14:42:37.115645+00:00,12.33
99,আমীর এজাজ খান,121352,BNP,BNP,Khulna-1,Khulna,Khulna,Rural,307103.0,152285.0,154814.0,4.0,2026-02-14 14:42:37.115645+00:00,39.52
99,কৃষ্ণ নন্দী,70346,Jamaat,Jamaat-NCP,Khulna-1,Khulna,Khulna,Rural,307103.0,152285.0,154814.0,4.0,2026-02-14 14:42:37.115645+00:00,22.91
100,নজরুল ইসলাম মঞ্জু,88197,BNP,BNP,Khulna-2,Khulna,Khulna,Urban,335241.0,165762.0,169469.0,10.0,2026-02-14 14:42:37.115645+00:00,26.31
100,শেখ জাহাঙ্গীর হুসাইন হেলাল,93789,Jamaat,Jamaat-NCP,Khulna-2,Khulna,Khulna,Urban,335241.0,165762.0,169469.0,10.0,2026-02-14 14:42:37.115645+00:00,27.98
101,রকিবুল ইসলাম,74845,BNP,BNP,Khulna-3,Khulna,Khulna,Urban,254409.0,127636.0,126765.0,8.0,2026-02-14 14:42:37.115645+00:00,29.42
101,মোহাম্মদ মাহফুজুর রহমান,66010,Jamaat,Jamaat-NCP,Khulna-3,Khulna,Khulna,Urban,254409.0,127636.0,126765.0,8.0,2026-02-14 14:42:37.115645+00:00,25.95
102,এস কে আজিজুল বারী,123162,BNP,BNP,Khulna-4,Khulna,Khulna,Rural,378453.0,188526.0,189922.0,5.0,2026-02-14 14:42:37.115645+00:00,32.54
102,এস এম সাখাওয়াত হোসাইন,109530,Khelafat Mojlish,Jamaat-NCP,Khulna-4,Khulna,Khulna,Rural,378453.0,188526.0,189922.0,5.0,2026-02-14 14:42:37.115645+00:00,28.94
103,মোহাম্মদ আলি আসগার,148854,BNP,BNP,Khulna-5,Khulna,Khulna,Rural,402798.0,199354.0,203443.0,1.0,2026-02-14 14:42:37.115645+00:00,36.95
103,ম‌ি‌‌‌‌‌‍‍‍‍য়া গোলাম পরওয়ার,146246,Jamaat,Jamaat-NCP,Khulna-5,Khulna,Khulna,Rural,402798.0,199354.0,203443.0,1.0,2026-02-14 14:42:37.115645+00:00,36.31
104,এস এম মনিরুল হাসান (বাপ্পী),124710,BNP,BNP,Khulna-6,Khulna,Khulna,Rural,423331.0,212869.0,210461.0,1.0,2026-02-14 14:42:37.115645+00:00,29.46
104,মোঃ আবুল কালাম আজাদ,150724,Jamaat,Jamaat-NCP,Khulna-6,Khulna,Khulna,Rural,423331.0,212869.0,210461.0,1.0,2026-02-14 14:42:37.115645+00:00,35.6
162,মাজহারুল ইসলাম,122946,BNP,BNP,Kishoreganj-1,Kishoreganj,Dhaka,Urban,555136.0,280657.0,274476.0,3.0,2026-02-14 14:42:37.115645+00:00,22.15
162,হেদায়াতুল্লাহ হাদী,99488,Bangladesh Khelafat Mojlish,Jamaat-NCP,Kishoreganj-1,Kishoreganj,Dhaka,Urban,555136.0,280657.0,274476.0,3.0,2026-02-14 14:42:37.115645+00:00,17.92
163,এডভোকেট মোঃ জালাল উদ্দীন,142616,BNP,BNP,Kishoreganj-2,Kishoreganj,Dhaka,Rural,532516.0,268568.0,263939.0,9.0,2026-02-14 14:42:37.115645+00:00,26.78
163,মোঃ শফিকুল ইসলাম,117961,Jamaat,Jamaat-NCP,Kishoreganj-2,Kishoreganj,Dhaka,Rural,532516.0,268568.0,263939.0,9.0,2026-02-14 14:42:37.115645+00:00,22.15
164,ড. মুহাম্মদ ওসমান ফারুক,111638,BNP,BNP,Kishoreganj-3,Kishoreganj,Dhaka,Rural,448625.0,230210.0,218412.0,3.0,2026-02-14 14:42:37.115645+00:00,24.88
164,জেহাদ খান,101276,Jamaat,Jamaat-NCP,Kishoreganj-3,Kishoreganj,Dhaka,Rural,448625.0,230210.0,218412.0,3.0,2026-02-14 14:42:37.115645+00:00,22.57
165,মোঃ ফজলুর রহমান,132553,BNP,BNP,Kishoreganj-4,Kishoreganj,Dhaka,Rural,408352.0,211182.0,197166.0,4.0,2026-02-14 14:42:37.115645+00:00,32.46
165,মোঃ রোকন রেজা শেখ,55646,Jamaat,Jamaat-NCP,Kishoreganj-4,Kishoreganj,Dhaka,Rural,408352.0,211182.0,197166.0,4.0,2026-02-14 14:42:37.115645+00:00,13.63
166,সৈয়দ এহসানুল হুদা,66118,BNP,BNP,Kishoreganj-5,Kishoreganj,Dhaka,Rural,353566.0,182452.0,171108.0,6.0,2026-02-14 14:42:37.115645+00:00,18.7
166,শেখ মজিবুর রহমান ইকবাল,79210,Independent,no alliance,Kishoreganj-5,Kishoreganj,Dhaka,Rural,353566.0,182452.0,171108.0,6.0,2026-02-14 14:42:37.115645+00:00,22.4
167,মোঃ শরীফুল আলম,185813,BNP,BNP,Kishoreganj-6,Kishoreganj,Dhaka,Rural,428804.0,221114.0,207687.0,3.0,2026-02-14 14:42:37.115645+00:00,43.33
167,আতাউল্লাহ আমীন,42555,Bangladesh Khelafat Mojlish,Jamaat-NCP,Kishoreganj-6,Kishoreganj,Dhaka,Rural,428804.0,221114.0,207687.0,3.0,2026-02-14 14:42:37.115645+00:00,9.92
25,সাইফুর রহমান রানা,123025,BNP,BNP,Kurigram-1,Kurigram,Rangpur,Rural,563978.0,281424.0,282551.0,3.0,2026-02-14 14:42:37.115645+00:00,21.81
25,মোঃ আনোয়ারুল ইসলাম,141090,Jamaat,Jamaat-NCP,Kurigram-1,Kurigram,Rangpur,Rural,563978.0,281424.0,282551.0,3.0,2026-02-14 14:42:37.115645+00:00,25.02
26,মোঃ সোহেল হোসনাইন কায়কোবাদ,170335,BNP,BNP,Kurigram-2,Kurigram,Rangpur,Urban,604738.0,299890.0,304841.0,7.0,2026-02-14 14:42:37.115645+00:00,28.17
26,আতিকুর রহমান মোজাহিদ,178869,NCP,Jamaat-NCP,Kurigram-2,Kurigram,Rangpur,Urban,604738.0,299890.0,304841.0,7.0,2026-02-14 14:42:37.115645+00:00,29.58
27,ডাঃ মোঃ আককাছ আলী সরকার,33380,Islami Andolan Bangladesh,no alliance,Kurigram-3,Kurigram,Rangpur,Rural,368470.0,183064.0,185406.0,0.0,2026-02-14 14:42:37.115645+00:00,9.06
27,মোঃ মাহবুবুল আলম,106923,Jamaat,Jamaat-NCP,Kurigram-3,Kurigram,Rangpur,Rural,368470.0,183064.0,185406.0,0.0,2026-02-14 14:42:37.115645+00:00,29.02
28,মোঃ আজিজুর রহমান,84423,BNP,BNP,Kurigram-4,Kurigram,Rangpur,Rural,362753.0,181361.0,181388.0,4.0,2026-02-14 14:42:37.115645+00:00,23.27
28,মোঃ মোস্তাফিজুর রহমান,108210,Jamaat,Jamaat-NCP,Kurigram-4,Kurigram,Rangpur,Rural,362753.0,181361.0,181388.0,4.0,2026-02-14 14:42:37.115645+00:00,29.83
75,রেজা আহাম্মেদ,165909,BNP,BNP,Kushtia-1,Kushtia,Khulna,Rural,404504.0,203492.0,201011.0,1.0,2026-02-14 14:42:37.115645+00:00,41.02
75,মোঃ বেলাল উদ্দীন,86682,Jamaat,Jamaat-NCP,Kushtia-1,Kushtia,Khulna,Rural,404504.0,203492.0,201011.0,1.0,2026-02-14 14:42:37.115645+00:00,21.43
76,রাগীব রউফ চৌধুরী,143821,BNP,BNP,Kushtia-2,Kushtia,Khulna,Rural,478001.0,239126.0,238872.0,3.0,2026-02-14 14:42:37.115645+00:00,30.09
76,মোঃ আব্দুল গফুর,192083,Jamaat,Jamaat-NCP,Kushtia-2,Kushtia,Khulna,Rural,478001.0,239126.0,238872.0,3.0,2026-02-14 14:42:37.115645+00:00,40.18
77,মোঃ জাকির হোসেন সরকার,127559,BNP,BNP,Kushtia-3,Kushtia,Khulna,Urban,440842.0,217269.0,223569.0,4.0,2026-02-14 14:42:37.115645+00:00,28.94
77,মোঃ আমির হামজা,182476,Jamaat,Jamaat-NCP,Kushtia-3,Kushtia,Khulna,Urban,440842.0,217269.0,223569.0,4.0,2026-02-14 14:42:37.115645+00:00,41.39
78,সৈয়দ মেহেদী আহ্‌মেদ রুমী,139603,BNP,BNP,Kushtia-4,Kushtia,Khulna,Rural,424417.0,213504.0,210908.0,5.0,2026-02-14 14:42:37.115645+00:00,32.89
78,মোঃ আফজাল হোসেন,148201,Jamaat,Jamaat-NCP,Kushtia-4,Kushtia,Khulna,Rural,424417.0,213504.0,210908.0,5.0,2026-02-14 14:42:37.115645+00:00,34.92
274,মোঃ শাহাদাত হোসেন,85457,BNP,BNP,Lakshmipur-1,Lakshmipur,Chittagong,Rural,281302.0,144658.0,136644.0,0.0,2026-02-14 14:42:37.115645+00:00,30.38
274,মোঃ মাহবুব আলম,56436,NCP,Jamaat-NCP,Lakshmipur-1,Lakshmipur,Chittagong,Rural,281302.0,144658.0,136644.0,0.0,2026-02-14 14:42:37.115645+00:00,20.06
275,মোঃ আবুল খায়ের ভূঁইয়া,146321,BNP,BNP,Lakshmipur-2,Lakshmipur,Chittagong,Rural,493970.0,254407.0,239558.0,5.0,2026-02-14 14:42:37.115645+00:00,29.62
275,"এস, ইউ ,এম, রুহুল আমিন ভূঁইয়া",133698,Jamaat,Jamaat-NCP,Lakshmipur-2,Lakshmipur,Chittagong,Rural,493970.0,254407.0,239558.0,5.0,2026-02-14 14:42:37.115645+00:00,27.07
276,মোঃ শহীদউদ্দীন চৌধুরী এ্যানি,133765,BNP,BNP,Lakshmipur-3,Lakshmipur,Chittagong,Urban,444472.0,229709.0,214758.0,5.0,2026-02-14 14:42:37.115645+00:00,30.1
276,মোঃ রেজাউল করিম,117079,Jamaat,Jamaat-NCP,Lakshmipur-3,Lakshmipur,Chittagong,Urban,444472.0,229709.0,214758.0,5.0,2026-02-14 14:42:37.115645+00:00,26.34
277,"এ,বি,এম আশরাফ উদ্দিন (নিজান)",114026,BNP,BNP,Lakshmipur-4,Lakshmipur,Chittagong,Rural,418160.0,218483.0,199676.0,1.0,2026-02-14 14:42:37.115645+00:00,27.27
277,মোঃ আশরাফুর রহমান হাফিজউল্যা,70765,Jamaat,Jamaat-NCP,Lakshmipur-4,Lakshmipur,Chittagong,Rural,418160.0,218483.0,199676.0,1.0,2026-02-14 14:42:37.115645+00:00,16.92
16,মোঃ হাসান রাজীব প্রধান,138686,BNP,BNP,Lalmonirhat-1,Lalmonirhat,Rangpur,Rural,403561.0,202707.0,200852.0,2.0,2026-02-14 14:42:37.115645+00:00,34.37
16,মোঃ আনোয়ারুল ইসলাম রাজু,129572,Jamaat,Jamaat-NCP,Lalmonirhat-1,Lalmonirhat,Rangpur,Rural,403561.0,202707.0,200852.0,2.0,2026-02-14 14:42:37.115645+00:00,32.11
17,মোঃ রোকন উদ্দীন বাবুল,123946,BNP,BNP,Lalmonirhat-2,Lalmonirhat,Rangpur,Rural,432964.0,217200.0,215761.0,3.0,2026-02-14 14:42:37.115645+00:00,28.63
17,মোঃ ফিরোজ হায়দার,117252,Jamaat,Jamaat-NCP,Lalmonirhat-2,Lalmonirhat,Rangpur,Rural,432964.0,217200.0,215761.0,3.0,2026-02-14 14:42:37.115645+00:00,27.08
18,আসাদুল হাবিব দুলু,139651,BNP,BNP,Lalmonirhat-3,Lalmonirhat,Rangpur,Urban,307970.0,154167.0,153801.0,2.0,2026-02-14 14:42:37.115645+00:00,45.35
18,মোঃ আবু তাহের,56244,Jamaat,Jamaat-NCP,Lalmonirhat-3,Lalmonirhat,Rangpur,Urban,307970.0,154167.0,153801.0,2.0,2026-02-14 14:42:37.115645+00:00,18.26
218,নাদিরা আক্তার,64524,BNP,BNP,Madaripur-1,Madaripur,Dhaka,Rural,324289.0,169041.0,155246.0,2.0,2026-02-14 14:42:37.115645+00:00,19.9
218,সাইদ উদ্দিন আহমাদ হানজালা,64909,Bangladesh Khelafat Mojlish,Jamaat-NCP,Madaripur-1,Madaripur,Dhaka,Rural,324289.0,169041.0,155246.0,2.0,2026-02-14 14:42:37.115645+00:00,20.02
219,মোঃ জাহান্দার আলী মিয়া,61744,BNP,BNP,Madaripur-2,Madaripur,Dhaka,Urban,436233.0,223624.0,212601.0,8.0,2026-02-14 14:42:37.115645+00:00,14.15
219,মিল্টন বৈদ্য,46476,Independent,no alliance,Madaripur-2,Madaripur,Dhaka,Urban,436233.0,223624.0,212601.0,8.0,2026-02-14 14:42:37.115645+00:00,10.65
220,আনিছুর রহমান,96128,BNP,BNP,Madaripur-3,Madaripur,Dhaka,Rural,387806.0,202645.0,185159.0,2.0,2026-02-14 14:42:37.115645+00:00,24.79
220,মোঃ রফিকুল ইসলাম,84646,Jamaat,Jamaat-NCP,Madaripur-3,Madaripur,Dhaka,Rural,387806.0,202645.0,185159.0,2.0,2026-02-14 14:42:37.115645+00:00,21.83
91,মোঃ মনোয়ার হোসেন,185338,BNP,BNP,Magura-1,Magura,Khulna,Urban,430775.0,215268.0,215504.0,3.0,2026-02-14 14:42:37.115645+00:00,43.02
91,আব্দুল মতিন,89682,Jamaat,Jamaat-NCP,Magura-1,Magura,Khulna,Urban,430775.0,215268.0,215504.0,3.0,2026-02-14 14:42:37.115645+00:00,20.82
92,নিতাই রায় চৌধুরী,147896,BNP,BNP,Magura-2,Magura,Khulna,Rural,416634.0,211546.0,205085.0,3.0,2026-02-14 14:42:37.115645+00:00,35.5
92,মোঃ মুশতারশেদ বিল্লাহ,117018,Jamaat,Jamaat-NCP,Magura-2,Magura,Khulna,Rural,416634.0,211546.0,205085.0,3.0,2026-02-14 14:42:37.115645+00:00,28.09
168,এস এ জিন্নাহ কবীর,137776,BNP,BNP,Manikganj-1,Manikganj,Dhaka,Rural,461942.0,231857.0,230081.0,4.0,2026-02-14 14:42:37.115645+00:00,29.83
168,মোঃ তোজাম্মেল হক,77818,Independent,no alliance,Manikganj-1,Manikganj,Dhaka,Rural,461942.0,231857.0,230081.0,4.0,2026-02-14 14:42:37.115645+00:00,16.85
169,মঈনুল ইসলাম খান,175776,BNP,BNP,Manikganj-2,Manikganj,Dhaka,Rural,472622.0,237205.0,235413.0,4.0,2026-02-14 14:42:37.115645+00:00,37.19
169,মোঃ সালাহ উদ্দিন,81531,Khelafat Mojlish,Jamaat-NCP,Manikganj-2,Manikganj,Dhaka,Rural,472622.0,237205.0,235413.0,4.0,2026-02-14 14:42:37.115645+00:00,17.25
170,আফরোজা খানম,167345,BNP,BNP,Manikganj-3,Manikganj,Dhaka,Urban,400059.0,199398.0,200660.0,1.0,2026-02-14 14:42:37.115645+00:00,41.83
170,মুহাম্মদ সাঈদনূর,64242,Bangladesh Khelafat Mojlish,Jamaat-NCP,Manikganj-3,Manikganj,Dhaka,Urban,400059.0,199398.0,200660.0,1.0,2026-02-14 14:42:37.115645+00:00,16.06
73,মাসুদ অরুন,104769,BNP,BNP,Meherpur-1,Meherpur,Khulna,Urban,316975.0,157890.0,159082.0,3.0,2026-02-14 14:42:37.115645+00:00,33.05
73,মোঃ তাজউদ্দীন খান,121161,Jamaat,Jamaat-NCP,Meherpur-1,Meherpur,Khulna,Urban,316975.0,157890.0,159082.0,3.0,2026-02-14 14:42:37.115645+00:00,38.22
74,মোঃ আমজাদ হোসেন,85452,BNP,BNP,Meherpur-2,Meherpur,Khulna,Rural,270705.0,135087.0,135615.0,3.0,2026-02-14 14:42:37.115645+00:00,31.57
74,মোঃ নাজমুল হুদা,94658,Jamaat,Jamaat-NCP,Meherpur-2,Meherpur,Khulna,Rural,270705.0,135087.0,135615.0,3.0,2026-02-14 14:42:37.115645+00:00,34.97
235,নাসির উদ্দিন আহমেদ,98282,BNP,BNP,Moulvibazar-1,Moulvibazar,Sylhet,Rural,337816.0,172998.0,164816.0,2.0,2026-02-14 14:42:37.115645+00:00,29.09
235,মোহাম্মদ আমিনুল ইসলাম,83013,Jamaat,Jamaat-NCP,Moulvibazar-1,Moulvibazar,Sylhet,Rural,337816.0,172998.0,164816.0,2.0,2026-02-14 14:42:37.115645+00:00,24.57
236,মোঃ শওকতুল ইসলাম,88381,BNP,BNP,Moulvibazar-2,Moulvibazar,Sylhet,Rural,303020.0,157128.0,145892.0,0.0,2026-02-14 14:42:37.115645+00:00,29.17
236,মোঃ সায়েদ আলী,53458,Jamaat,Jamaat-NCP,Moulvibazar-2,Moulvibazar,Sylhet,Rural,303020.0,157128.0,145892.0,0.0,2026-02-14 14:42:37.115645+00:00,17.64
237,নাসের রহমান,156757,BNP,BNP,Moulvibazar-3,Moulvibazar,Sylhet,Urban,486212.0,248109.0,238099.0,4.0,2026-02-14 14:42:37.115645+00:00,32.24
237,মোঃ আব্দুল মান্নান,77636,Jamaat,Jamaat-NCP,Moulvibazar-3,Moulvibazar,Sylhet,Urban,486212.0,248109.0,238099.0,4.0,2026-02-14 14:42:37.115645+00:00,15.97
238,মোঃ মুজিবুর রহমান চৌধুরী,170877,BNP,BNP,Moulvibazar-4,Moulvibazar,Sylhet,Rural,487892.0,246202.0,241688.0,2.0,2026-02-14 14:42:37.115645+00:00,35.02
238,শেখ নূরে আলম হামিদী,50204,Bangladesh Khelafat Mojlish,Jamaat-NCP,Moulvibazar-4,Moulvibazar,Sylhet,Rural,487892.0,246202.0,241688.0,2.0,2026-02-14 14:42:37.115645+00:00,10.29
171,মোঃ আব্দুল্লাহ্,167562,BNP,BNP,Munshiganj-1,Munshiganj,Dhaka,Rural,545519.0,280716.0,264802.0,1.0,2026-02-14 14:42:37.115645+00:00,30.72
171,এ কে এম ফখরুদ্দিন রাজী,101568,Jamaat,Jamaat-NCP,Munshiganj-1,Munshiganj,Dhaka,Rural,545519.0,280716.0,264802.0,1.0,2026-02-14 14:42:37.115645+00:00,18.62
172,আব্দুস সালাম আজাদ,124154,BNP,BNP,Munshiganj-2,Munshiganj,Dhaka,Rural,378492.0,194720.0,183772.0,0.0,2026-02-14 14:42:37.115645+00:00,32.8
172,মাজেদুল ইসলাম,58573,NCP,Jamaat-NCP,Munshiganj-2,Munshiganj,Dhaka,Rural,378492.0,194720.0,183772.0,0.0,2026-02-14 14:42:37.115645+00:00,15.48
173,মোঃ কামরুজ্জামান,124691,BNP,BNP,Munshiganj-3,Munshiganj,Dhaka,Urban,509467.0,263075.0,246390.0,2.0,2026-02-14 14:42:37.115645+00:00,24.47
173,মোঃ মহিউদ্দিন,88936,Independent,no alliance,Munshiganj-3,Munshiganj,Dhaka,Urban,509467.0,263075.0,246390.0,2.0,2026-02-14 14:42:37.115645+00:00,17.46
146,সৈয়দ এমরান সালেহ,100736,BNP,BNP,Mymensingh-1,Mymensingh,Mymensingh,Rural,483712.0,241604.0,242104.0,4.0,2026-02-14 14:42:37.115645+00:00,20.83
146,মোহাম্মদ সালমান ওমর,107241,Independent,no alliance,Mymensingh-1,Mymensingh,Mymensingh,Rural,483712.0,241604.0,242104.0,4.0,2026-02-14 14:42:37.115645+00:00,22.17
155,মোহাম্মদ আক্তারুজ্জামান,74638,BNP,BNP,Mymensingh-10,Mymensingh,Mymensingh,Rural,409364.0,209120.0,200241.0,3.0,2026-02-14 14:42:37.115645+00:00,18.23
155,আবু বকর সিদ্দিকুর রহমান,66424,Independent,no alliance,Mymensingh-10,Mymensingh,Mymensingh,Rural,409364.0,209120.0,200241.0,3.0,2026-02-14 14:42:37.115645+00:00,16.23
156,ফখর উদ্দিন আহমেদ,110214,BNP,BNP,Mymensingh-11,Mymensingh,Mymensingh,Rural,358659.0,178020.0,180636.0,3.0,2026-02-14 14:42:37.115645+00:00,30.73
156,মুহাম্মদ মোর্শেদ আলম,65591,Independent,no alliance,Mymensingh-11,Mymensingh,Mymensingh,Rural,358659.0,178020.0,180636.0,3.0,2026-02-14 14:42:37.115645+00:00,18.29
147,মোতাহার হোসেন তালুকদার,117344,BNP,BNP,Mymensingh-2,Mymensingh,Mymensingh,Rural,576167.0,294451.0,281713.0,3.0,2026-02-14 14:42:37.115645+00:00,20.37
147,মুহাম্মদুল্লাহ,144565,Bangladesh Khelafat Mojlish,Jamaat-NCP,Mymensingh-2,Mymensingh,Mymensingh,Rural,576167.0,294451.0,281713.0,3.0,2026-02-14 14:42:37.115645+00:00,25.09
148,এম ইকবাল হোসেইন,77152,BNP,BNP,Mymensingh-3,Mymensingh,Mymensingh,Rural,298268.0,150780.0,147487.0,1.0,2026-02-14 14:42:37.115645+00:00,25.87
148,আহাম্মদ তায়েবুর রহমান,64536,Independent,no alliance,Mymensingh-3,Mymensingh,Mymensingh,Rural,298268.0,150780.0,147487.0,1.0,2026-02-14 14:42:37.115645+00:00,21.64
149,মোঃ আবু ওয়াহাব আকন্দ ওয়াহিদ,177891,BNP,BNP,Mymensingh-4,Mymensingh,Mymensingh,Urban,695306.0,345005.0,350291.0,10.0,2026-02-14 14:42:37.115645+00:00,25.58
149,মোহাম্মদ কামরুল আহসান,169580,Jamaat,Jamaat-NCP,Mymensingh-4,Mymensingh,Mymensingh,Urban,695306.0,345005.0,350291.0,10.0,2026-02-14 14:42:37.115645+00:00,24.39
150,মোহাম্মদ জাকির হোসেন,127910,BNP,BNP,Mymensingh-5,Mymensingh,Mymensingh,Rural,387927.0,194275.0,193650.0,2.0,2026-02-14 14:42:37.115645+00:00,32.97
150,মোঃ মতিউর রহমান আকন্দ,100876,Jamaat,Jamaat-NCP,Mymensingh-5,Mymensingh,Mymensingh,Rural,387927.0,194275.0,193650.0,2.0,2026-02-14 14:42:37.115645+00:00,26.0
151,আখতার সুলতানা,52669,Independent,no alliance,Mymensingh-6,Mymensingh,Mymensingh,Rural,417927.0,210330.0,207595.0,2.0,2026-02-14 14:42:37.115645+00:00,12.6
151,মোঃ কামরুল হাসান,75946,Jamaat,Jamaat-NCP,Mymensingh-6,Mymensingh,Mymensingh,Rural,417927.0,210330.0,207595.0,2.0,2026-02-14 14:42:37.115645+00:00,18.17
152,ডাঃ মোঃ মাহাবুবুর রহমান,98579,BNP,BNP,Mymensingh-7,Mymensingh,Mymensingh,Rural,403249.0,205179.0,198070.0,0.0,2026-02-14 14:42:37.115645+00:00,24.45
152,মোঃ আছাদুজ্জামান,82962,Jamaat,Jamaat-NCP,Mymensingh-7,Mymensingh,Mymensingh,Rural,403249.0,205179.0,198070.0,0.0,2026-02-14 14:42:37.115645+00:00,20.57
153,লুৎফুল্লাহেল মাজেদ,107577,BNP,BNP,Mymensingh-8,Mymensingh,Mymensingh,Rural,348879.0,179437.0,169436.0,6.0,2026-02-14 14:42:37.115645+00:00,30.84
153,মোঃ আওরঙ্গজেব বেলাল,45791,LDP,Jamaat-NCP,Mymensingh-8,Mymensingh,Mymensingh,Rural,348879.0,179437.0,169436.0,6.0,2026-02-14 14:42:37.115645+00:00,13.13
154,ইয়াসের খান চৌধুরী,84887,BNP,BNP,Mymensingh-9,Mymensingh,Mymensingh,Rural,384641.0,198692.0,185942.0,7.0,2026-02-14 14:42:37.115645+00:00,22.07
154,এ কে এম আনোয়ারুল ইসলাম,66898,Bangladesh Development Party,Jamaat-NCP,Mymensingh-9,Mymensingh,Mymensingh,Rural,384641.0,198692.0,185942.0,7.0,2026-02-14 14:42:37.115645+00:00,17.39
46,মোঃ মোস্তাফিজুর রহমান,149202,BNP,BNP,Naogaon-1,Naogaon,Rajshahi,Rural,474067.0,235379.0,238684.0,4.0,2026-02-14 14:42:37.115645+00:00,31.47
46,মোহাঃ মাহবুবুল আলম,126093,Jamaat,Jamaat-NCP,Naogaon-1,Naogaon,Rajshahi,Rural,474067.0,235379.0,238684.0,4.0,2026-02-14 14:42:37.115645+00:00,26.6
47,মোঃ সামসুজ্জোহা খান,134533,BNP,BNP,Naogaon-2,Naogaon,Rajshahi,Rural,372436.0,185375.0,187059.0,2.0,2026-02-14 14:42:37.115645+00:00,36.12
47,মোঃ এনামুল হক,141526,Jamaat,Jamaat-NCP,Naogaon-2,Naogaon,Rajshahi,Rural,372436.0,185375.0,187059.0,2.0,2026-02-14 14:42:37.115645+00:00,38.0
48,মোঃ ফজলে হুদা,165646,BNP,BNP,Naogaon-3,Naogaon,Rajshahi,Rural,440785.0,218988.0,221796.0,1.0,2026-02-14 14:42:37.115645+00:00,37.58
48,মোঃ মাহফুজুর রহমান,117838,Jamaat,Jamaat-NCP,Naogaon-3,Naogaon,Rajshahi,Rural,440785.0,218988.0,221796.0,1.0,2026-02-14 14:42:37.115645+00:00,26.73
49,ইকরামুল বারী টিপু,133801,BNP,BNP,Naogaon-4,Naogaon,Rajshahi,Rural,333862.0,165643.0,168215.0,4.0,2026-02-14 14:42:37.115645+00:00,40.08
49,মোঃ আব্দু্র রাকিব,96814,Jamaat,Jamaat-NCP,Naogaon-4,Naogaon,Rajshahi,Rural,333862.0,165643.0,168215.0,4.0,2026-02-14 14:42:37.115645+00:00,29.0
50,মোঃ জাহিদুল ইসলাম ধলু,128366,BNP,BNP,Naogaon-5,Naogaon,Rajshahi,Urban,363030.0,180031.0,182994.0,5.0,2026-02-14 14:42:37.115645+00:00,35.36
50,আবু সাদাত মোঃ সায়েম,103236,Jamaat,Jamaat-NCP,Naogaon-5,Naogaon,Rajshahi,Urban,363030.0,180031.0,182994.0,5.0,2026-02-14 14:42:37.115645+00:00,28.44
51,শেখ মোঃ রেজাউল ইসলাম,108070,BNP,BNP,Naogaon-6,Naogaon,Rajshahi,Rural,345416.0,174350.0,171061.0,5.0,2026-02-14 14:42:37.115645+00:00,31.29
51,মোঃ খবিরুল ইসলাম,95886,Jamaat,Jamaat-NCP,Naogaon-6,Naogaon,Rajshahi,Rural,345416.0,174350.0,171061.0,5.0,2026-02-14 14:42:37.115645+00:00,27.76
93,বিশ্বাস জাহাঙ্গীর আলম,99975,BNP,BNP,Narail-1,Narail,Khulna,Rural,294155.0,148505.0,145648.0,2.0,2026-02-14 14:42:37.115645+00:00,33.99
93,মোঃ ওবায়দুল্লাহ,75225,Jamaat,Jamaat-NCP,Narail-1,Narail,Khulna,Rural,294155.0,148505.0,145648.0,2.0,2026-02-14 14:42:37.115645+00:00,25.57
94,মোঃ মনিরুল ইসলাম,78457,Independent,no alliance,Narail-2,Narail,Khulna,Urban,390988.0,194245.0,196739.0,4.0,2026-02-14 14:42:37.115645+00:00,20.07
94,মোঃ আতাউর রহমান,118142,Jamaat,Jamaat-NCP,Narail-2,Narail,Khulna,Urban,390988.0,194245.0,196739.0,4.0,2026-02-14 14:42:37.115645+00:00,30.22
204,মুস্তাফিজুর রহমান ভূঁইয়া,156358,BNP,BNP,Narayanganj-1,Narayanganj,Dhaka,Urban,408829.0,207849.0,200977.0,3.0,2026-02-14 14:42:37.115645+00:00,38.25
204,মোঃ আনোয়ার হোসেন মোল্লা,91690,Jamaat,Jamaat-NCP,Narayanganj-1,Narayanganj,Dhaka,Urban,408829.0,207849.0,200977.0,3.0,2026-02-14 14:42:37.115645+00:00,22.43
205,মোঃ নজরুল ইসলাম আজাদ,125063,BNP,BNP,Narayanganj-2,Narayanganj,Dhaka,Rural,364098.0,187801.0,176292.0,5.0,2026-02-14 14:42:37.115645+00:00,34.35
205,মোঃ ইলিয়াছ মোল্লা,82987,Jamaat,Jamaat-NCP,Narayanganj-2,Narayanganj,Dhaka,Rural,364098.0,187801.0,176292.0,5.0,2026-02-14 14:42:37.115645+00:00,22.79
206,আজহারুল ইসলাম মান্নান,155400,BNP,BNP,Narayanganj-3,Narayanganj,Dhaka,Urban,593348.0,302290.0,291055.0,3.0,2026-02-14 14:42:37.115645+00:00,26.19
206,মোঃ ইকবাল হোসাইন ভূইয়া,134918,Jamaat,Jamaat-NCP,Narayanganj-3,Narayanganj,Dhaka,Urban,593348.0,302290.0,291055.0,3.0,2026-02-14 14:42:37.115645+00:00,22.74
207,মনির হোসাইন,80619,Jamiat Ulema-e-Islam Bangladesh,BNP,Narayanganj-4,Narayanganj,Dhaka,Urban,540783.0,273715.0,267062.0,6.0,2026-02-14 14:42:37.115645+00:00,14.91
207,আব্দুল্লাহ আল আমিন,106171,NCP,Jamaat-NCP,Narayanganj-4,Narayanganj,Dhaka,Urban,540783.0,273715.0,267062.0,6.0,2026-02-14 14:42:37.115645+00:00,19.63
208,আবুল কালাম,114799,BNP,BNP,Narayanganj-5,Narayanganj,Dhaka,Urban,485288.0,243768.0,241512.0,8.0,2026-02-14 14:42:37.115645+00:00,23.66
208,এ বি এম সিরাজুল মামুন,101196,Khelafat Mojlish,Jamaat-NCP,Narayanganj-5,Narayanganj,Dhaka,Urban,485288.0,243768.0,241512.0,8.0,2026-02-14 14:42:37.115645+00:00,20.85
199,খায়রুল কবির খোকন,160676,BNP,BNP,Narsingdi-1,Narsingdi,Dhaka,Urban,477209.0,243945.0,233252.0,12.0,2026-02-14 14:42:37.115645+00:00,33.67
199,মোঃ ইব্রাহিম ভূঞা,92930,Jamaat,Jamaat-NCP,Narsingdi-1,Narsingdi,Dhaka,Urban,477209.0,243945.0,233252.0,12.0,2026-02-14 14:42:37.115645+00:00,19.47
200,"ড, আবদুল মঈন খান",92352,BNP,BNP,Narsingdi-2,Narsingdi,Dhaka,Rural,286218.0,145235.0,140978.0,5.0,2026-02-14 14:42:37.115645+00:00,32.27
200,মোঃ আমজাদ হোসাইন,51161,Jamaat,Jamaat-NCP,Narsingdi-2,Narsingdi,Dhaka,Rural,286218.0,145235.0,140978.0,5.0,2026-02-14 14:42:37.115645+00:00,17.87
201,মনজুর এলাহী,81415,BNP,BNP,Narsingdi-3,Narsingdi,Dhaka,Rural,284248.0,142947.0,141300.0,1.0,2026-02-14 14:42:37.115645+00:00,28.64
201,মোঃ আরিফ-উল-ইসলাম মৃধা,45401,Independent,no alliance,Narsingdi-3,Narsingdi,Dhaka,Rural,284248.0,142947.0,141300.0,1.0,2026-02-14 14:42:37.115645+00:00,15.97
202,সরদার মোঃ সাখাওয়াত হোসেন,161912,BNP,BNP,Narsingdi-4,Narsingdi,Dhaka,Rural,428954.0,212677.0,216274.0,3.0,2026-02-14 14:42:37.115645+00:00,37.75
202,মোঃ জাহাঙ্গীর আলম,76445,Jamaat,Jamaat-NCP,Narsingdi-4,Narsingdi,Dhaka,Rural,428954.0,212677.0,216274.0,3.0,2026-02-14 14:42:37.115645+00:00,17.82
203,মোঃ আশরাফ উদ্দিন,135512,BNP,BNP,Narsingdi-5,Narsingdi,Dhaka,Rural,494650.0,255570.0,239065.0,15.0,2026-02-14 14:42:37.115645+00:00,27.4
203,তাজুল ইসলাম,43682,Bangladesh Khelafat Mojlish,Jamaat-NCP,Narsingdi-5,Narsingdi,Dhaka,Rural,494650.0,255570.0,239065.0,15.0,2026-02-14 14:42:37.115645+00:00,8.83
58,ফারজানা শারমীন,102726,BNP,BNP,Natore-1,Natore,Rajshahi,Rural,368276.0,183595.0,184679.0,2.0,2026-02-14 14:42:37.115645+00:00,27.89
58,মোঃ আবুল কালাম আজাদ,90568,Jamaat,Jamaat-NCP,Natore-1,Natore,Rajshahi,Rural,368276.0,183595.0,184679.0,2.0,2026-02-14 14:42:37.115645+00:00,24.59
59,"এম, রুহুল কুদ্দুস তালুকদার দুলু",162841,BNP,BNP,Natore-2,Natore,Rajshahi,Urban,406886.0,201655.0,205222.0,9.0,2026-02-14 14:42:37.115645+00:00,40.02
59,মোঃ ইউনুস আলী,130066,Jamaat,Jamaat-NCP,Natore-2,Natore,Rajshahi,Urban,406886.0,201655.0,205222.0,9.0,2026-02-14 14:42:37.115645+00:00,31.97
60,মোঃ আনোয়ারুল ইসলাম,119768,BNP,BNP,Natore-3,Natore,Rajshahi,Rural,326872.0,164088.0,162781.0,3.0,2026-02-14 14:42:37.115645+00:00,36.64
60,মোঃ দাউদার মাহমুদ,66492,Independent,no alliance,Natore-3,Natore,Rajshahi,Rural,326872.0,164088.0,162781.0,3.0,2026-02-14 14:42:37.115645+00:00,20.34
61,মোঃ আব্দুল আজিজ,170551,BNP,BNP,Natore-4,Natore,Rajshahi,Rural,445172.0,221348.0,223821.0,3.0,2026-02-14 14:42:37.115645+00:00,38.31
61,মোঃ আব্দুল হাকিম,135386,Jamaat,Jamaat-NCP,Natore-4,Natore,Rajshahi,Rural,445172.0,221348.0,223821.0,3.0,2026-02-14 14:42:37.115645+00:00,30.41
157,ব্যারিষ্টার কায়সার কামাল,158343,BNP,BNP,Netrokona-1,Netrokona,Mymensingh,Rural,456182.0,231751.0,224427.0,4.0,2026-02-14 14:42:37.115645+00:00,34.71
157,গোলাম রব্বানী,87488,Bangladesh Khelafat Mojlish,Jamaat-NCP,Netrokona-1,Netrokona,Mymensingh,Rural,456182.0,231751.0,224427.0,4.0,2026-02-14 14:42:37.115645+00:00,19.18
158,মোঃ আনোয়ারুল হক,171399,BNP,BNP,Netrokona-2,Netrokona,Mymensingh,Urban,502438.0,252379.0,250047.0,12.0,2026-02-14 14:42:37.115645+00:00,34.11
158,মোঃ ফাহিম রহমান খান পাঠান,67367,NCP,Jamaat-NCP,Netrokona-2,Netrokona,Mymensingh,Urban,502438.0,252379.0,250047.0,12.0,2026-02-14 14:42:37.115645+00:00,13.41
159,রফিকুল ইসলাম হিলালী,118469,BNP,BNP,Netrokona-3,Netrokona,Mymensingh,Rural,420686.0,214883.0,205794.0,9.0,2026-02-14 14:42:37.115645+00:00,28.16
159,মোঃ দেলোয়ার হোসেন ভূঞা,68961,Independent,no alliance,Netrokona-3,Netrokona,Mymensingh,Rural,420686.0,214883.0,205794.0,9.0,2026-02-14 14:42:37.115645+00:00,16.39
160,মোঃ লুৎফুজ্জামান বাবর,160801,BNP,BNP,Netrokona-4,Netrokona,Mymensingh,Rural,375308.0,190313.0,184982.0,13.0,2026-02-14 14:42:37.115645+00:00,42.85
160,মোঃ আল-হেলাল,39840,Jamaat,Jamaat-NCP,Netrokona-4,Netrokona,Mymensingh,Rural,375308.0,190313.0,184982.0,13.0,2026-02-14 14:42:37.115645+00:00,10.62
161,মোঃ আবু তাহের তালুকদার,79412,BNP,BNP,Netrokona-5,Netrokona,Mymensingh,Rural,290117.0,147896.0,142219.0,2.0,2026-02-14 14:42:37.115645+00:00,27.37
161,মাছুম মোস্তফা,82177,Jamaat,Jamaat-NCP,Netrokona-5,Netrokona,Mymensingh,Rural,290117.0,147896.0,142219.0,2.0,2026-02-14 14:42:37.115645+00:00,28.33
12,মোঃ আব্দুস সাত্তার,149214,Jamaat,Jamaat-NCP,Nilphamari-1,Nilphamari,Rangpur,Rural,460271.0,232483.0,227786.0,2.0,2026-02-14 14:42:37.115645+00:00,32.42
12,মাওলানা মোঃ মন্জুরুল ইসলাম,118160,Jamiat Ulema-e-Islam Bangladesh,BNP,Nilphamari-1,Nilphamari,Rangpur,Rural,460271.0,232483.0,227786.0,2.0,2026-02-14 14:42:37.115645+00:00,25.67
13,শাহরিন ইসলাম,134579,BNP,BNP,Nilphamari-2,Nilphamari,Rangpur,Urban,385785.0,193034.0,192749.0,2.0,2026-02-14 14:42:37.115645+00:00,34.88
13,আলফারুক আব্দুল লতীফ,145202,Jamaat,Jamaat-NCP,Nilphamari-2,Nilphamari,Rangpur,Urban,385785.0,193034.0,192749.0,2.0,2026-02-14 14:42:37.115645+00:00,37.64
14,আলহাজ্ব সৈয়দ আলী,89102,BNP,BNP,Nilphamari-3,Nilphamari,Rangpur,Rural,294446.0,149878.0,144567.0,1.0,2026-02-14 14:42:37.115645+00:00,30.26
14,ওবায়দুল্লাহ সালাফী,108560,Jamaat,Jamaat-NCP,Nilphamari-3,Nilphamari,Rangpur,Rural,294446.0,149878.0,144567.0,1.0,2026-02-14 14:42:37.115645+00:00,36.87
15,মোঃ আবদুল গফুর সরকার,81526,BNP,BNP,Nilphamari-4,Nilphamari,Rangpur,Rural,451814.0,226728.0,225081.0,5.0,2026-02-14 14:42:37.115645+00:00,18.04
15,আব্দুল মুনতাকিম,124865,Jamaat,Jamaat-NCP,Nilphamari-4,Nilphamari,Rangpur,Rural,451814.0,226728.0,225081.0,5.0,2026-02-14 14:42:37.115645+00:00,27.64
268,এ এম মাহবুব উদ্দিন,126833,BNP,BNP,Noakhali-1,Noakhali,Chittagong,Rural,452425.0,233711.0,218714.0,0.0,2026-02-14 14:42:37.115645+00:00,28.03
268,মোঃ ছাইফ উল্যাহ,98036,Jamaat,Jamaat-NCP,Noakhali-1,Noakhali,Chittagong,Rural,452425.0,233711.0,218714.0,0.0,2026-02-14 14:42:37.115645+00:00,21.67
269,জয়নুল আবদিন ফারুক,83992,BNP,BNP,Noakhali-2,Noakhali,Chittagong,Rural,360081.0,186305.0,173775.0,1.0,2026-02-14 14:42:37.115645+00:00,23.33
269,সুলতান মুহাম্মদ জাকারিয়া মজুমদার,67054,NCP,Jamaat-NCP,Noakhali-2,Noakhali,Chittagong,Rural,360081.0,186305.0,173775.0,1.0,2026-02-14 14:42:37.115645+00:00,18.62
270,মোঃ বরকত উল্লাহ বুলু,141031,BNP,BNP,Noakhali-3,Noakhali,Chittagong,Rural,511759.0,269886.0,241865.0,8.0,2026-02-14 14:42:37.115645+00:00,27.56
270,মোঃ বোরহান উদ্দিন,123941,Jamaat,Jamaat-NCP,Noakhali-3,Noakhali,Chittagong,Rural,511759.0,269886.0,241865.0,8.0,2026-02-14 14:42:37.115645+00:00,24.22
271,মোঃ শাহজাহান,219182,BNP,BNP,Noakhali-4,Noakhali,Chittagong,Urban,700339.0,366659.0,333677.0,3.0,2026-02-14 14:42:37.115645+00:00,31.3
271,মোঃ ইসহাক খন্দকার,148989,Jamaat,Jamaat-NCP,Noakhali-4,Noakhali,Chittagong,Urban,700339.0,366659.0,333677.0,3.0,2026-02-14 14:42:37.115645+00:00,21.27
272,মোহাম্মদ ফখরুল ইসলাম,147808,BNP,BNP,Noakhali-5,Noakhali,Chittagong,Rural,503851.0,261779.0,242072.0,0.0,2026-02-14 14:42:37.115645+00:00,29.34
272,মোহাম্মদ বেলায়েত হোসেন,120453,Jamaat,Jamaat-NCP,Noakhali-5,Noakhali,Chittagong,Rural,503851.0,261779.0,242072.0,0.0,2026-02-14 14:42:37.115645+00:00,23.91
273,মোহাম্মদ মাহবুবের রহমান,64021,BNP,BNP,Noakhali-6,Noakhali,Chittagong,Rural,339185.0,178309.0,160874.0,2.0,2026-02-14 14:42:37.115645+00:00,18.87
273,আবদুল হান্নান মাসউদ,91899,NCP,Jamaat-NCP,Noakhali-6,Noakhali,Chittagong,Rural,339185.0,178309.0,160874.0,2.0,2026-02-14 14:42:37.115645+00:00,27.09
68,মোঃ শামসুর রহমান,104245,BNP,BNP,Pabna-1,Pabna,Rajshahi,Rural,464904.0,237675.0,227228.0,1.0,2026-02-14 14:42:37.115645+00:00,22.42
68,মোহাম্মদ নাজিবুর রহমান,129974,Jamaat,Jamaat-NCP,Pabna-1,Pabna,Rajshahi,Rural,464904.0,237675.0,227228.0,1.0,2026-02-14 14:42:37.115645+00:00,27.96
69,"এ, কে, এম, সেলিম রেজা হাবিব",213950,BNP,BNP,Pabna-2,Pabna,Rajshahi,Rural,373425.0,191467.0,181957.0,1.0,2026-02-14 14:42:37.115645+00:00,57.29
69,মোঃ হেসাব উদ্দিন,75387,Jamaat,Jamaat-NCP,Pabna-2,Pabna,Rajshahi,Rural,373425.0,191467.0,181957.0,1.0,2026-02-14 14:42:37.115645+00:00,20.19
70,মোঃ হাসান জাফির তুহিন,144206,BNP,BNP,Pabna-3,Pabna,Rajshahi,Rural,486806.0,243937.0,242863.0,6.0,2026-02-14 14:42:37.115645+00:00,29.62
70,মুহাম্মাদ আলী আছগার,147475,Jamaat,Jamaat-NCP,Pabna-3,Pabna,Rajshahi,Rural,486806.0,243937.0,242863.0,6.0,2026-02-14 14:42:37.115645+00:00,30.29
71,মোঃ হাবিবুর রহমান (হাবিব),133874,BNP,BNP,Pabna-4,Pabna,Rajshahi,Rural,440168.0,221442.0,218720.0,6.0,2026-02-14 14:42:37.115645+00:00,30.41
71,মোঃ আবু তালেব মন্ডল,137675,Jamaat,Jamaat-NCP,Pabna-4,Pabna,Rajshahi,Rural,440168.0,221442.0,218720.0,6.0,2026-02-14 14:42:37.115645+00:00,31.28
72,মোঃ শামছুর রহমান শিমুল বিশ্বাস,181925,BNP,BNP,Pabna-5,Pabna,Rajshahi,Urban,528044.0,266433.0,261608.0,3.0,2026-02-14 14:42:37.115645+00:00,34.45
72,মোঃ ইকবাল হোসাইন,164994,Jamaat,Jamaat-NCP,Pabna-5,Pabna,Rajshahi,Urban,528044.0,266433.0,261608.0,3.0,2026-02-14 14:42:37.115645+00:00,31.25
1,মুহাম্মদ নওশাদ জমির,176169,BNP,BNP,Panchagarh-1,Panchagarh,Rangpur,Urban,463700.0,231976.0,231723.0,1.0,2026-02-14 14:42:37.115645+00:00,37.99
1,মোঃ সারজিস আলম,168049,NCP,Jamaat-NCP,Panchagarh-1,Panchagarh,Rangpur,Urban,463700.0,231976.0,231723.0,1.0,2026-02-14 14:42:37.115645+00:00,36.24
2,ফরহাদ হোসেন আজাদ,174650,BNP,BNP,Panchagarh-2,Panchagarh,Rangpur,Rural,417529.0,209708.0,207818.0,3.0,2026-02-14 14:42:37.115645+00:00,41.83
2,মোঃ সফিউল আলম,128862,Jamaat,Jamaat-NCP,Panchagarh-2,Panchagarh,Rangpur,Rural,417529.0,209708.0,207818.0,3.0,2026-02-14 14:42:37.115645+00:00,30.86
111,মোহাম্মদ আব্দুল ওহাব,46310,AB Party,Jamaat-NCP,Patuakhali-1,Patuakhali,Barisal,Urban,505840.0,254339.0,251493.0,8.0,2026-02-14 14:42:37.115645+00:00,9.16
111,আলতাফ হোসেন চৌধুরী,152087,BNP,BNP,Patuakhali-1,Patuakhali,Barisal,Urban,505840.0,254339.0,251493.0,8.0,2026-02-14 14:42:37.115645+00:00,30.07
112,মোঃ সহিদুল আলম তালুকদার,72676,BNP,BNP,Patuakhali-2,Patuakhali,Barisal,Rural,315282.0,160501.0,154779.0,2.0,2026-02-14 14:42:37.115645+00:00,23.05
112,মোঃ শফিকুল ইসলাম,100750,Jamaat,Jamaat-NCP,Patuakhali-2,Patuakhali,Barisal,Rural,315282.0,160501.0,154779.0,2.0,2026-02-14 14:42:37.115645+00:00,31.96
113,মোঃ নুরুল হক,97323,GOP (Nuru),BNP,Patuakhali-3,Patuakhali,Barisal,Rural,375871.0,189020.0,186848.0,3.0,2026-02-14 14:42:37.115645+00:00,25.89
113,মোঃ হাসান মামুন,81361,Independent,no alliance,Patuakhali-3,Patuakhali,Barisal,Rural,375871.0,189020.0,186848.0,3.0,2026-02-14 14:42:37.115645+00:00,21.65
114,এ বি এম মোশাররফ হোসেন,124013,BNP,BNP,Patuakhali-4,Patuakhali,Barisal,Rural,312603.0,158123.0,154475.0,5.0,2026-02-14 14:42:37.115645+00:00,39.67
114,মোস্তাফিজুর রহমান,70127,Islami Andolan Bangladesh,no alliance,Patuakhali-4,Patuakhali,Barisal,Rural,312603.0,158123.0,154475.0,5.0,2026-02-14 14:42:37.115645+00:00,22.43
127,আলমগীর হোসেন,107105,BNP,BNP,Pirojpur-1,Pirojpur,Barisal,Urban,392178.0,198709.0,193469.0,0.0,2026-02-14 14:42:37.115645+00:00,27.31
127,মাসুদ সাঈদী,132659,Jamaat,Jamaat-NCP,Pirojpur-1,Pirojpur,Barisal,Urban,392178.0,198709.0,193469.0,0.0,2026-02-14 14:42:37.115645+00:00,33.83
128,আহম্মদ সোহেল মনজুর,105185,BNP,BNP,Pirojpur-2,Pirojpur,Barisal,Rural,409288.0,204312.0,204972.0,4.0,2026-02-14 14:42:37.115645+00:00,25.7
128,শামীম সাঈদী,96897,Jamaat,Jamaat-NCP,Pirojpur-2,Pirojpur,Barisal,Rural,409288.0,204312.0,204972.0,4.0,2026-02-14 14:42:37.115645+00:00,23.67
129,মোঃ রুহুল আমীন দুলাল,63785,BNP,BNP,Pirojpur-3,Pirojpur,Barisal,Rural,241361.0,122045.0,119315.0,1.0,2026-02-14 14:42:37.115645+00:00,26.43
129,মোঃ শামীম হামিদী,36610,NCP,Jamaat-NCP,Pirojpur-3,Pirojpur,Barisal,Rural,241361.0,122045.0,119315.0,1.0,2026-02-14 14:42:37.115645+00:00,15.17
209,আলী নেওয়াজ মাহমুদ খৈয়ম,154541,BNP,BNP,Rajbari-1,Rajbari,Dhaka,Urban,430216.0,216150.0,214058.0,8.0,2026-02-14 14:42:37.115645+00:00,35.92
209,মোঃ নূরুল ইসলাম,101092,Jamaat,Jamaat-NCP,Rajbari-1,Rajbari,Dhaka,Urban,430216.0,216150.0,214058.0,8.0,2026-02-14 14:42:37.115645+00:00,23.5
210,মোঃ হারুন-অর-রশিদ,237254,BNP,BNP,Rajbari-2,Rajbari,Dhaka,Rural,559696.0,285544.0,274146.0,6.0,2026-02-14 14:42:37.115645+00:00,42.39
210,জামিল হিজাযী,67299,NCP,Jamaat-NCP,Rajbari-2,Rajbari,Dhaka,Rural,559696.0,285544.0,274146.0,6.0,2026-02-14 14:42:37.115645+00:00,12.02
52,মোঃ শরীফ উদ্দীন,169902,BNP,BNP,Rajshahi-1,Rajshahi,Rajshahi,Rural,468780.0,234078.0,234699.0,3.0,2026-02-14 14:42:37.115645+00:00,36.24
52,মোঃ মুজিবুর রহমান,171786,Jamaat,Jamaat-NCP,Rajshahi-1,Rajshahi,Rajshahi,Rural,468780.0,234078.0,234699.0,3.0,2026-02-14 14:42:37.115645+00:00,36.65
53,মোঃ মিজানুর রহমান মিনু,128546,BNP,BNP,Rajshahi-2,Rajshahi,Rajshahi,Urban,369564.0,178249.0,191307.0,8.0,2026-02-14 14:42:37.115645+00:00,34.78
53,মোহাম্মদ জাহাঙ্গীর,100370,Jamaat,Jamaat-NCP,Rajshahi-2,Rajshahi,Rajshahi,Urban,369564.0,178249.0,191307.0,8.0,2026-02-14 14:42:37.115645+00:00,27.16
54,মোহাম্মদ শফিকুল হক মিলন,176318,BNP,BNP,Rajshahi-3,Rajshahi,Rajshahi,Rural,423738.0,210897.0,212835.0,6.0,2026-02-14 14:42:37.115645+00:00,41.61
54,মোঃ আবুল কালাম আজাদ,137927,Jamaat,Jamaat-NCP,Rajshahi-3,Rajshahi,Rajshahi,Rural,423738.0,210897.0,212835.0,6.0,2026-02-14 14:42:37.115645+00:00,32.55
55,"ডি, এম , ডি জিয়াউর রহমান",109461,BNP,BNP,Rajshahi-4,Rajshahi,Rajshahi,Rural,319909.0,160720.0,159185.0,4.0,2026-02-14 14:42:37.115645+00:00,34.22
55,মোঃ আব্দুল বারী সরদার,115226,Jamaat,Jamaat-NCP,Rajshahi-4,Rajshahi,Rajshahi,Rural,319909.0,160720.0,159185.0,4.0,2026-02-14 14:42:37.115645+00:00,36.02
56,অধ্যাপক নজরুল ইসলাম,153425,BNP,BNP,Rajshahi-5,Rajshahi,Rajshahi,Rural,353174.0,176670.0,176499.0,5.0,2026-02-14 14:42:37.115645+00:00,43.44
56,মনজুর রহমান,73445,Jamaat,Jamaat-NCP,Rajshahi-5,Rajshahi,Rajshahi,Rural,353174.0,176670.0,176499.0,5.0,2026-02-14 14:42:37.115645+00:00,20.8
57,মোঃ আবু সাইদ চাঁদ,148672,BNP,BNP,Rajshahi-6,Rajshahi,Rajshahi,Rural,357054.0,178068.0,178984.0,2.0,2026-02-14 14:42:37.115645+00:00,41.64
57,মোঃ নাজমুল হক,92965,Jamaat,Jamaat-NCP,Rajshahi-6,Rajshahi,Rajshahi,Rural,357054.0,178068.0,178984.0,2.0,2026-02-14 14:42:37.115645+00:00,26.04
299,দীপেন দেওয়ান,201544,BNP,BNP,Rangamati,Rangamati,Chittagong,Rural,509272.0,263411.0,245859.0,2.0,2026-02-14 14:42:37.115645+00:00,39.57
299,পহেল চাকমা,31222,Independent,no alliance,Rangamati,Rangamati,Chittagong,Rural,509272.0,263411.0,245859.0,2.0,2026-02-14 14:42:37.115645+00:00,6.13
19,মোঃ মোকাররম হোসেন সুজন,69131,BNP,BNP,Rangpur-1,Rangpur,Rangpur,Rural,375227.0,188829.0,186394.0,4.0,2026-02-14 14:42:37.115645+00:00,18.42
19,মোঃ রায়হান সিরাজী,147245,Jamaat,Jamaat-NCP,Rangpur-1,Rangpur,Rangpur,Rural,375227.0,188829.0,186394.0,4.0,2026-02-14 14:42:37.115645+00:00,39.24
20,মোহাম্মদ আলী সরকার,57762,BNP,BNP,Rangpur-2,Rangpur,Rangpur,Rural,380921.0,192287.0,188625.0,9.0,2026-02-14 14:42:37.115645+00:00,15.16
20,এ টি এম আজহারুল ইসলাম,91111,Jamaat,Jamaat-NCP,Rangpur-2,Rangpur,Rangpur,Rural,380921.0,192287.0,188625.0,9.0,2026-02-14 14:42:37.115645+00:00,23.92
21,মোঃ সামসুজ্জামান সামু,85498,BNP,BNP,Rangpur-3,Rangpur,Rangpur,Urban,508223.0,252369.0,255849.0,5.0,2026-02-14 14:42:37.115645+00:00,16.82
21,মোঃ মাহবুবুর রহমান (বেলাল),178064,Jamaat,Jamaat-NCP,Rangpur-3,Rangpur,Rangpur,Urban,508223.0,252369.0,255849.0,5.0,2026-02-14 14:42:37.115645+00:00,35.04
22,মোহাম্মদ এমদাদুল হক ভরসা,140564,BNP,BNP,Rangpur-4,Rangpur,Rangpur,Rural,509905.0,250787.0,259113.0,5.0,2026-02-14 14:42:37.115645+00:00,27.57
22,আখতার হোসেন,149966,NCP,Jamaat-NCP,Rangpur-4,Rangpur,Rangpur,Rural,509905.0,250787.0,259113.0,5.0,2026-02-14 14:42:37.115645+00:00,29.41
23,মোঃ গোলাম রব্বানী,115116,BNP,BNP,Rangpur-5,Rangpur,Rangpur,Rural,469189.0,232462.0,236723.0,4.0,2026-02-14 14:42:37.115645+00:00,24.54
23,মোঃ গোলাম রব্বানী,176411,Jamaat,Jamaat-NCP,Rangpur-5,Rangpur,Rangpur,Rural,469189.0,232462.0,236723.0,4.0,2026-02-14 14:42:37.115645+00:00,37.6
24,মোঃ সাইফুল ইসলাম,117703,BNP,BNP,Rangpur-6,Rangpur,Rangpur,Rural,355737.0,176103.0,179630.0,4.0,2026-02-14 14:42:37.115645+00:00,33.09
24,মোঃ নুরুল আমীন,120128,Jamaat,Jamaat-NCP,Rangpur-6,Rangpur,Rangpur,Rural,355737.0,176103.0,179630.0,4.0,2026-02-14 14:42:37.115645+00:00,33.77
105,মোঃ হাবিবুল ইসলাম হাবিব,169995,BNP,BNP,Satkhira-1,Satkhira,Khulna,Rural,496848.0,247873.0,248973.0,2.0,2026-02-14 14:42:37.115645+00:00,34.21
105,মোঃ ইজ্জত উল্লাহ,193772,Jamaat,Jamaat-NCP,Satkhira-1,Satkhira,Khulna,Rural,496848.0,247873.0,248973.0,2.0,2026-02-14 14:42:37.115645+00:00,39.0
106,মোঃ আব্দুর রউফ,116229,BNP,BNP,Satkhira-2,Satkhira,Khulna,Urban,535654.0,265965.0,269685.0,4.0,2026-02-14 14:42:37.115645+00:00,21.7
106,মুহাম্মাদ আব্দুল খালেক,266959,Jamaat,Jamaat-NCP,Satkhira-2,Satkhira,Khulna,Urban,535654.0,265965.0,269685.0,4.0,2026-02-14 14:42:37.115645+00:00,49.84
107,মোঃ শহিদুল আলম,105389,Independent,no alliance,Satkhira-3,Satkhira,Khulna,Rural,502222.0,253984.0,248235.0,3.0,2026-02-14 14:42:37.115645+00:00,20.98
107,হাফেজ মুহাঃ রবিউল বাশার,184233,Jamaat,Jamaat-NCP,Satkhira-3,Satkhira,Khulna,Rural,502222.0,253984.0,248235.0,3.0,2026-02-14 14:42:37.115645+00:00,36.68
108,মোঃ মনিরুজ্জামান,85426,BNP,BNP,Satkhira-4,Satkhira,Khulna,Rural,298050.0,150026.0,148020.0,4.0,2026-02-14 14:42:37.115645+00:00,28.66
108,"জি, এম, নজরুল ইসলাম",106913,Jamaat,Jamaat-NCP,Satkhira-4,Satkhira,Khulna,Rural,298050.0,150026.0,148020.0,4.0,2026-02-14 14:42:37.115645+00:00,35.87
221,সাঈদ আহমেদ,77398,BNP,BNP,Shariatpur-1,Shariatpur,Dhaka,Urban,395476.0,207730.0,187736.0,10.0,2026-02-14 14:42:37.115645+00:00,19.57
221,জালালুদ্দীন আহমদ,62717,Bangladesh Khelafat Mojlish,Jamaat-NCP,Shariatpur-1,Shariatpur,Dhaka,Urban,395476.0,207730.0,187736.0,10.0,2026-02-14 14:42:37.115645+00:00,15.86
222,মোঃ সফিকুর রহমান (কিরন),129814,BNP,BNP,Shariatpur-2,Shariatpur,Dhaka,Rural,415135.0,215993.0,199140.0,2.0,2026-02-14 14:42:37.115645+00:00,31.27
222,মাহমুদ হোসেন,70892,Jamaat,Jamaat-NCP,Shariatpur-2,Shariatpur,Dhaka,Rural,415135.0,215993.0,199140.0,2.0,2026-02-14 14:42:37.115645+00:00,17.08
223,মিয়া নুরুদ্দিন আহাম্মেদ অপু,106378,BNP,BNP,Shariatpur-3,Shariatpur,Dhaka,Rural,340142.0,174068.0,166072.0,2.0,2026-02-14 14:42:37.115645+00:00,31.27
223,মুহাম্মদ আজাহারুল ইসলাম,67785,Jamaat,Jamaat-NCP,Shariatpur-3,Shariatpur,Dhaka,Rural,340142.0,174068.0,166072.0,2.0,2026-02-14 14:42:37.115645+00:00,19.93
143,সানসিলা জেবরিন,77521,BNP,BNP,Sherpur-1,Sherpur,Mymensingh,Urban,450489.0,224472.0,226009.0,8.0,2026-02-14 14:42:37.115645+00:00,17.21
143,মোঃ রাশেদুল ইসলাম রাশেদ,130989,Jamaat,Jamaat-NCP,Sherpur-1,Sherpur,Mymensingh,Urban,450489.0,224472.0,226009.0,8.0,2026-02-14 14:42:37.115645+00:00,29.08
144,মোহাম্মদ ফাহিম চৌধুরী,117441,BNP,BNP,Sherpur-2,Sherpur,Mymensingh,Rural,440035.0,215786.0,224249.0,0.0,2026-02-14 14:42:37.115645+00:00,26.69
144,মোঃ গোলাম কিবরিয়া,106578,Jamaat,Jamaat-NCP,Sherpur-2,Sherpur,Mymensingh,Rural,440035.0,215786.0,224249.0,0.0,2026-02-14 14:42:37.115645+00:00,24.22
62,মোঃ সেলিম রেজা,115132,BNP,BNP,Sirajganj-1,Sirajganj,Rajshahi,Rural,385024.0,189676.0,195344.0,4.0,2026-02-14 14:42:37.115645+00:00,29.9
62,মোঃ শাহিনুর আলম,106732,Jamaat,Jamaat-NCP,Sirajganj-1,Sirajganj,Rajshahi,Rural,385024.0,189676.0,195344.0,4.0,2026-02-14 14:42:37.115645+00:00,27.72
63,ইকবাল হাসান মাহ্‌মুদ,176638,BNP,BNP,Sirajganj-2,Sirajganj,Rajshahi,Urban,469878.0,235248.0,234626.0,4.0,2026-02-14 14:42:37.115645+00:00,37.59
63,মুহাম্মদ জাহিদুল ইসলাম,136595,Jamaat,Jamaat-NCP,Sirajganj-2,Sirajganj,Rajshahi,Urban,469878.0,235248.0,234626.0,4.0,2026-02-14 14:42:37.115645+00:00,29.07
64,মোঃ আয়নুল হক,174430,BNP,BNP,Sirajganj-3,Sirajganj,Rajshahi,Rural,444427.0,222737.0,221683.0,7.0,2026-02-14 14:42:37.115645+00:00,39.25
64,মুহাঃ আব্দুর রউফ সরকার,116802,Bangladesh Khelafat Mojlish,Jamaat-NCP,Sirajganj-3,Sirajganj,Rajshahi,Rural,444427.0,222737.0,221683.0,7.0,2026-02-14 14:42:37.115645+00:00,26.28
65,"এম, আকবর আলী",161278,BNP,BNP,Sirajganj-4,Sirajganj,Rajshahi,Rural,475821.0,243680.0,232125.0,16.0,2026-02-14 14:42:37.115645+00:00,33.89
65,মোঃ রফিকুল ইসলাম খান,161872,Jamaat,Jamaat-NCP,Sirajganj-4,Sirajganj,Rajshahi,Rural,475821.0,243680.0,232125.0,16.0,2026-02-14 14:42:37.115645+00:00,34.02
66,মোঃ আমিরুল ইসলাম খান,134197,BNP,BNP,Sirajganj-5,Sirajganj,Rajshahi,Rural,426321.0,218664.0,207655.0,2.0,2026-02-14 14:42:37.115645+00:00,31.48
66,মোঃ আলী আলম,105188,Jamaat,Jamaat-NCP,Sirajganj-5,Sirajganj,Rajshahi,Rural,426321.0,218664.0,207655.0,2.0,2026-02-14 14:42:37.115645+00:00,24.67
67,"এম, এ, মুহিত",172114,BNP,BNP,Sirajganj-6,Sirajganj,Rajshahi,Rural,485387.0,246412.0,238972.0,3.0,2026-02-14 14:42:37.115645+00:00,35.46
67,এস এম সাইফ মোস্তাফিজ,103704,NCP,Jamaat-NCP,Sirajganj-6,Sirajganj,Rajshahi,Rural,485387.0,246412.0,238972.0,3.0,2026-02-14 14:42:37.115645+00:00,21.37
224,কামরুজ্জামান কামরুল,161774,BNP,BNP,Sunamganj-1,Sunamganj,Sylhet,Rural,501555.0,256185.0,245360.0,10.0,2026-02-14 14:42:37.115645+00:00,32.25
224,তোফায়েল আহমদ,92966,Jamaat,Jamaat-NCP,Sunamganj-1,Sunamganj,Sylhet,Rural,501555.0,256185.0,245360.0,10.0,2026-02-14 14:42:37.115645+00:00,18.54
225,মোঃ নাছির চৌধুরী,99522,BNP,BNP,Sunamganj-2,Sunamganj,Sylhet,Rural,306052.0,154652.0,151399.0,1.0,2026-02-14 14:42:37.115645+00:00,32.52
225,মোহাম্মদ শিশির মনির,63220,Jamaat,Jamaat-NCP,Sunamganj-2,Sunamganj,Sylhet,Rural,306052.0,154652.0,151399.0,1.0,2026-02-14 14:42:37.115645+00:00,20.66
226,মোহাম্মদ কয়ছর আহমেদ,97313,BNP,BNP,Sunamganj-3,Sunamganj,Sylhet,Rural,373016.0,189243.0,183767.0,6.0,2026-02-14 14:42:37.115645+00:00,26.09
226,মোঃ আনোয়ার হোসেন,42226,Independent,no alliance,Sunamganj-3,Sunamganj,Sylhet,Rural,373016.0,189243.0,183767.0,6.0,2026-02-14 14:42:37.115645+00:00,11.32
227,নুরুল ইসলাম,98092,BNP,BNP,Sunamganj-4,Sunamganj,Sylhet,Urban,372185.0,189359.0,182813.0,13.0,2026-02-14 14:42:37.115645+00:00,26.36
227,মোঃ সামছ উদ্দিন,75735,Jamaat,Jamaat-NCP,Sunamganj-4,Sunamganj,Sylhet,Urban,372185.0,189359.0,182813.0,13.0,2026-02-14 14:42:37.115645+00:00,20.35
228,কলিম উদ্দিন আহমেদ,151915,BNP,BNP,Sunamganj-5,Sunamganj,Sylhet,Rural,527458.0,270620.0,256836.0,2.0,2026-02-14 14:42:37.115645+00:00,28.8
228,আবু তাহির মুহাম্মদ আব্দুস সালাম,102121,Jamaat,Jamaat-NCP,Sunamganj-5,Sunamganj,Sylhet,Rural,527458.0,270620.0,256836.0,2.0,2026-02-14 14:42:37.115645+00:00,19.36
229,খন্দকার আবদুল মুক্তাদীর,176936,BNP,BNP,Sylhet-1,Sylhet,Sylhet,Urban,680946.0,353186.0,327747.0,13.0,2026-02-14 14:42:37.115645+00:00,25.98
229,মাওলানা হাবিবুর রহমান,134983,Jamaat,Jamaat-NCP,Sylhet-1,Sylhet,Sylhet,Urban,680946.0,353186.0,327747.0,13.0,2026-02-14 14:42:37.115645+00:00,19.82
230,মোছাঃ তাহসিনা রুশদীর,116697,BNP,BNP,Sylhet-2,Sylhet,Sylhet,Rural,368932.0,188679.0,180253.0,0.0,2026-02-14 14:42:37.115645+00:00,31.63
230,মুহাম্মদ মুনতাছির আলী,37446,Khelafat Mojlish,Jamaat-NCP,Sylhet-2,Sylhet,Sylhet,Rural,368932.0,188679.0,180253.0,0.0,2026-02-14 14:42:37.115645+00:00,10.15
231,মোহাম্মদ আব্দুল মালিক,114255,BNP,BNP,Sylhet-3,Sylhet,Sylhet,Rural,416000.0,211709.0,204289.0,2.0,2026-02-14 14:42:37.115645+00:00,27.47
231,মুসলেহ উদ্দীন রাজু,73614,Bangladesh Khelafat Mojlish,Jamaat-NCP,Sylhet-3,Sylhet,Sylhet,Rural,416000.0,211709.0,204289.0,2.0,2026-02-14 14:42:37.115645+00:00,17.7
232,আরিফুল হক চৌধুরী,186846,BNP,BNP,Sylhet-4,Sylhet,Sylhet,Rural,512933.0,267130.0,245802.0,1.0,2026-02-14 14:42:37.115645+00:00,36.43
232,মোঃ জয়নাল আবেদীন,71391,Jamaat,Jamaat-NCP,Sylhet-4,Sylhet,Sylhet,Rural,512933.0,267130.0,245802.0,1.0,2026-02-14 14:42:37.115645+00:00,13.92
233,উবায়দুল্লাহ ফারুক,69774,Jamiat Ulema-e-Islam Bangladesh,BNP,Sylhet-5,Sylhet,Sylhet,Rural,428748.0,221357.0,207391.0,0.0,2026-02-14 14:42:37.115645+00:00,16.27
233,মোহাম্মদ আবুল হাসান,79355,Khelafat Mojlish,Jamaat-NCP,Sylhet-5,Sylhet,Sylhet,Rural,428748.0,221357.0,207391.0,0.0,2026-02-14 14:42:37.115645+00:00,18.51
234,এমরান আহমদ চৌধুরী,70794,BNP,BNP,Sylhet-6,Sylhet,Sylhet,Rural,509093.0,256938.0,252155.0,0.0,2026-02-14 14:42:37.115645+00:00,13.91
234,মোহাম্মদ সেলিম উদ্দিন,55923,Jamaat,Jamaat-NCP,Sylhet-6,Sylhet,Sylhet,Rural,509093.0,256938.0,252155.0,0.0,2026-02-14 14:42:37.115645+00:00,10.98
130,ফকির মাহবুব আনাম,153932,BNP,BNP,Tangail-1,Tangail,Dhaka,Rural,437433.0,216007.0,221424.0,2.0,2026-02-14 14:42:37.115645+00:00,35.19
130,‌মুহাম্মদ আব্দুল্লাহেল কাফী,94462,Jamaat,Jamaat-NCP,Tangail-1,Tangail,Dhaka,Rural,437433.0,216007.0,221424.0,2.0,2026-02-14 14:42:37.115645+00:00,21.59
131,মোঃ আবদুস সালাম পিন্টু,198213,BNP,BNP,Tangail-2,Tangail,Dhaka,Rural,418606.0,210422.0,208183.0,1.0,2026-02-14 14:42:37.115645+00:00,47.35
131,মোঃ হুমায়ুন কবীর,60871,Jamaat,Jamaat-NCP,Tangail-2,Tangail,Dhaka,Rural,418606.0,210422.0,208183.0,1.0,2026-02-14 14:42:37.115645+00:00,14.54
132,এস এম ওবায়দুল হক,82769,BNP,BNP,Tangail-3,Tangail,Dhaka,Rural,382720.0,191864.0,190853.0,3.0,2026-02-14 14:42:37.115645+00:00,21.63
132,মোঃ লুৎফর রহমান খান আজাদ,107901,Independent,no alliance,Tangail-3,Tangail,Dhaka,Rural,382720.0,191864.0,190853.0,3.0,2026-02-14 14:42:37.115645+00:00,28.19
133,মোঃ লুৎফর রহমান,105342,BNP,BNP,Tangail-4,Tangail,Dhaka,Rural,374917.0,189942.0,184972.0,3.0,2026-02-14 14:42:37.115645+00:00,28.1
133,আবদুল লতিফ সিদ্দিকী,62509,Independent,no alliance,Tangail-4,Tangail,Dhaka,Rural,374917.0,189942.0,184972.0,3.0,2026-02-14 14:42:37.115645+00:00,16.67
134,সুলতান সালাউদ্দিন টুকু,131279,BNP,BNP,Tangail-5,Tangail,Dhaka,Urban,462412.0,231303.0,231108.0,1.0,2026-02-14 14:42:37.115645+00:00,28.39
134,আহছান হাবিব,80283,Jamaat,Jamaat-NCP,Tangail-5,Tangail,Dhaka,Urban,462412.0,231303.0,231108.0,1.0,2026-02-14 14:42:37.115645+00:00,17.36
135,মোঃ রবিউল আওয়াল,150952,BNP,BNP,Tangail-6,Tangail,Dhaka,Rural,468076.0,236597.0,231475.0,4.0,2026-02-14 14:42:37.115645+00:00,32.25
135,"এ,কে,এম আব্দুল হামিদ",91914,Jamaat,Jamaat-NCP,Tangail-6,Tangail,Dhaka,Rural,468076.0,236597.0,231475.0,4.0,2026-02-14 14:42:37.115645+00:00,19.64
136,আবুল কালাম আজাদ সিদ্দিকী,141253,BNP,BNP,Tangail-7,Tangail,Dhaka,Rural,375437.0,188871.0,186560.0,6.0,2026-02-14 14:42:37.115645+00:00,37.62
136,মোহাম্মদ আব্দুল্লাহ এবনে আবুল হোসেন,71040,Jamaat,Jamaat-NCP,Tangail-7,Tangail,Dhaka,Rural,375437.0,188871.0,186560.0,6.0,2026-02-14 14:42:37.115645+00:00,18.92
137,আহমেদ আযম খান,114217,BNP,BNP,Tangail-8,Tangail,Dhaka,Rural,414826.0,206623.0,208198.0,5.0,2026-02-14 14:42:37.115645+00:00,27.53
137,সালাউদ্দিন আলমগীর,77130,Independent,no alliance,Tangail-8,Tangail,Dhaka,Rural,414826.0,206623.0,208198.0,5.0,2026-02-14 14:42:37.115645+00:00,18.59
3,মির্জা ফখরুল ইসলাম আলমগীর,238836,BNP,BNP,Thakurgaon-1,Thakurgaon,Rangpur,Urban,511629.0,255053.0,256572.0,4.0,2026-02-14 14:42:37.115645+00:00,46.68
3,দেলাওয়ার হোসেন,141017,Jamaat,Jamaat-NCP,Thakurgaon-1,Thakurgaon,Rangpur,Urban,511629.0,255053.0,256572.0,4.0,2026-02-14 14:42:37.115645+00:00,27.56
4,মোঃ আব্দুস সালাম,121017,BNP,BNP,Thakurgaon-2,Thakurgaon,Rangpur,Rural,340049.0,175232.0,164816.0,1.0,2026-02-14 14:42:37.115645+00:00,35.59
4,মোঃ আব্দুল হাকিম,115707,Jamaat,Jamaat-NCP,Thakurgaon-2,Thakurgaon,Rangpur,Rural,340049.0,175232.0,164816.0,1.0,2026-02-14 14:42:37.115645+00:00,34.03
5,মোঃ জাহিদুর রহমান,132797,BNP,BNP,Thakurgaon-3,Thakurgaon,Rangpur,Rural,364129.0,184701.0,179426.0,2.0,2026-02-14 14:42:37.115645+00:00,36.47
5,মোঃ মিজানুর রহমান,91934,Jamaat,Jamaat-NCP,Thakurgaon-3,Thakurgaon,Rangpur,Rural,364129.0,184701.0,179426.0,2.0,2026-02-14 14:42:37.115645+00:00,25.25
