seat_name,party,name,vote,center,division_id,total_center,time,source,voters,male_voters,female_voters,thirdgender_voters,vote_pc
Chapai Nawabganj-2,AB Party,Md. Matibul Islam,,13.0,5,182,2026-02-12 15:56:06.220455+00:00,dt,461000.0,228825.0,232174.0,1.0,
Chapai Nawabganj-2,BNP,Md. Shamsuzzoha Khan,12850.0,13.0,5,182,2026-02-12 15:56:06.220455+00:00,dt,461000.0,228825.0,232174.0,1.0,2.79
Chapai Nawabganj-2,Jamaat,Md. Enamul Haque,14796.0,13.0,5,182,2026-02-12 15:56:06.220455+00:00,dt,461000.0,228825.0,232174.0,1.0,3.21
Chapai Nawabganj-3,BNP,Md. Fazle Huda,,,5,172,2026-02-12 15:56:06.220455+00:00,dt,468479.0,236648.0,231831.0,0.0,
Chapai Nawabganj-3,Islami Andolan Bangladesh,Nasir Bin Asgar,,,5,172,2026-02-12 15:56:06.220455+00:00,dt,468479.0,236648.0,231831.0,0.0,
Chapai Nawabganj-3,JaPa,Md. Masud Rana,,,5,172,2026-02-12 15:56:06.220455+00:00,dt,468479.0,236648.0,231831.0,0.0,
Chapai Nawabganj-3,Jamaat,Md. Mahfuzur Rahman,,,5,172,2026-02-12 15:56:06.220455+00:00,dt,468479.0,236648.0,231831.0,0.0,
Gaibandha-1,BNP,Md. Rokon Uddin Babul,,,6,114,2026-02-12 15:56:06.220455+00:00,dt,419111.0,207573.0,211535.0,3.0,
Gaibandha-1,CPB,Nimai Chandra Roy,,,6,114,2026-02-12 15:56:06.220455+00:00,dt,419111.0,207573.0,211535.0,3.0,
Gaibandha-1,Islami Andolan Bangladesh,Md. Mahfuzur Rahman,,,6,114,2026-02-12 15:56:06.220455+00:00,dt,419111.0,207573.0,211535.0,3.0,
Gaibandha-1,JaPa,Md. Elahan Uddin,,,6,114,2026-02-12 15:56:06.220455+00:00,dt,419111.0,207573.0,211535.0,3.0,
Gaibandha-1,Jamaat,Md. Firoz Haider,,,6,114,2026-02-12 15:56:06.220455+00:00,dt,419111.0,207573.0,211535.0,3.0,
Gaibandha-2,BNP,Asadul Habib Dulu,,,6,114,2026-02-12 15:56:06.220455+00:00,dt,411460.0,202034.0,209415.0,11.0,
Gaibandha-2,CPB,Madhu Sudan Roy,,,6,114,2026-02-12 15:56:06.220455+00:00,dt,411460.0,202034.0,209415.0,11.0,
Gaibandha-2,Ganosamhati Andolon (Saki),Dipak Kumar Roy,,,6,114,2026-02-12 15:56:06.220455+00:00,dt,411460.0,202034.0,209415.0,11.0,
Gaibandha-2,Islami Andolan Bangladesh,Md. Aminul Islam,,,6,114,2026-02-12 15:56:06.220455+00:00,dt,411460.0,202034.0,209415.0,11.0,
Gaibandha-2,JaPa,Md. Zahid Hasan,,,6,114,2026-02-12 15:56:06.220455+00:00,dt,411460.0,202034.0,209415.0,11.0,
Gaibandha-2,Jamaat,Md. Abu Taher,,,6,114,2026-02-12 15:56:06.220455+00:00,dt,411460.0,202034.0,209415.0,11.0,
Gaibandha-3,BNP,Md. Masud Rana Pradhan,854.0,1.0,6,134,2026-02-12 15:56:06.220455+00:00,dt,506185.0,248901.0,257275.0,9.0,0.17
Gaibandha-3,JaPa,Sabekun Nahar,,1.0,6,134,2026-02-12 15:56:06.220455+00:00,dt,506185.0,248901.0,257275.0,9.0,
Gaibandha-3,Jamaat,Md. Fazlur Rahman Saeed,1410.0,1.0,6,134,2026-02-12 15:56:06.220455+00:00,dt,506185.0,248901.0,257275.0,9.0,0.28
Gaibandha-4,AB Party,S. A. Zahid,,11.0,6,139,2026-02-12 15:56:06.220455+00:00,dt,468384.0,231616.0,236758.0,10.0,
Gaibandha-4,BNP,Md. Abdul Bari,15316.0,11.0,6,139,2026-02-12 15:56:06.220455+00:00,dt,468384.0,231616.0,236758.0,10.0,3.27
Gaibandha-4,Jamaat,S. M. Rashedul Alam,10445.0,11.0,6,139,2026-02-12 15:56:06.220455+00:00,dt,468384.0,231616.0,236758.0,10.0,2.23
Gaibandha-5,BNP,Kazi Rafiqul Islam,,,6,145,2026-02-12 15:56:06.220455+00:00,dt,385261.0,192277.0,192981.0,3.0,
Gaibandha-5,Gano Forum,Md. Zulfikar Ali,,,6,145,2026-02-12 15:56:06.220455+00:00,dt,385261.0,192277.0,192981.0,3.0,
Gaibandha-5,Islami Andolan Bangladesh,A. B. M. Mostafa Kamal Pasha,,,6,145,2026-02-12 15:56:06.220455+00:00,dt,385261.0,192277.0,192981.0,3.0,
Gaibandha-5,Jamaat,Md. Shahabuddin,,,6,145,2026-02-12 15:56:06.220455+00:00,dt,385261.0,192277.0,192981.0,3.0,
Habiganj-1,BNP,Md. Amanullah Aman,,,8,177,2026-02-12 15:56:06.220455+00:00,dt,466921.0,236576.0,230340.0,5.0,
Habiganj-1,Islami Andolan Bangladesh,Md. Jahirul Islam,,,8,177,2026-02-12 15:56:06.220455+00:00,dt,466921.0,236576.0,230340.0,5.0,
Habiganj-1,Jamaat,Md. Abdul Haque,,,8,177,2026-02-12 15:56:06.220455+00:00,dt,466921.0,236576.0,230340.0,5.0,
Habiganj-2,BNP,Gayeshwar Chandra Roy,,,8,150,2026-02-12 15:56:06.220455+00:00,dt,394756.0,200162.0,194590.0,4.0,
Habiganj-2,Gano Forum,Muhammad Rawshan Yazdani,,,8,150,2026-02-12 15:56:06.220455+00:00,dt,394756.0,200162.0,194590.0,4.0,
Habiganj-2,Ganosamhati Andolon (Saki),Md. Bacchu Bhuiyan,,,8,150,2026-02-12 15:56:06.220455+00:00,dt,394756.0,200162.0,194590.0,4.0,
Habiganj-2,Islami Andolan Bangladesh,Md. Sultan Ahmad Khan,,,8,150,2026-02-12 15:56:06.220455+00:00,dt,394756.0,200162.0,194590.0,4.0,
Habiganj-2,JaPa,Md. Faruk,,,8,150,2026-02-12 15:56:06.220455+00:00,dt,394756.0,200162.0,194590.0,4.0,
Habiganj-2,Jamaat,Md. Shahinur Islam,,,8,150,2026-02-12 15:56:06.220455+00:00,dt,394756.0,200162.0,194590.0,4.0,
Habiganj-3,BNP,Tanvir Ahmed,,,8,131,2026-02-12 15:56:06.220455+00:00,dt,419573.0,213298.0,206262.0,13.0,
Habiganj-3,CPB,Mohammad Firoz Alam,,,8,131,2026-02-12 15:56:06.220455+00:00,dt,419573.0,213298.0,206262.0,13.0,
Habiganj-3,Islami Andolan Bangladesh,Syed Md. Mosaddeq Billah,,,8,131,2026-02-12 15:56:06.220455+00:00,dt,419573.0,213298.0,206262.0,13.0,
Habiganj-3,Jamaat,Syed Zainul Abedin,,,8,131,2026-02-12 15:56:06.220455+00:00,dt,419573.0,213298.0,206262.0,13.0,
Habiganj-4,BNP,Md. Nabi Ullah,,,8,177,2026-02-12 15:56:06.220455+00:00,dt,552711.0,278660.0,274049.0,2.0,
Habiganj-4,CPB,Tofazzal Hossain Mostafa,,,8,177,2026-02-12 15:56:06.220455+00:00,dt,552711.0,278660.0,274049.0,2.0,
Habiganj-4,Islami Andolan Bangladesh,Md. Ibrahim,,,8,177,2026-02-12 15:56:06.220455+00:00,dt,552711.0,278660.0,274049.0,2.0,
Habiganj-4,Jamaat,Mohammad Kamal Hossain,,,8,177,2026-02-12 15:56:06.220455+00:00,dt,552711.0,278660.0,274049.0,2.0,
Jamalpur-1,BNP,Md. Faridul Kabir Talukdar,,,7,127,2026-02-12 15:56:06.220455+00:00,dt,431707.0,216207.0,215498.0,2.0,
Jamalpur-1,CPB,Md. Mahbub Zaman Jewel,,,7,127,2026-02-12 15:56:06.220455+00:00,dt,431707.0,216207.0,215498.0,2.0,
Jamalpur-1,Islami Andolan Bangladesh,Md. Ali Akbar,,,7,127,2026-02-12 15:56:06.220455+00:00,dt,431707.0,216207.0,215498.0,2.0,
Jamalpur-1,Jamaat,Mohammad Abdul Awal,,,7,127,2026-02-12 15:56:06.220455+00:00,dt,431707.0,216207.0,215498.0,2.0,
Jamalpur-2,BNP,Shah Md. Waresh Ali Mamun,,,7,92,2026-02-12 15:56:06.220455+00:00,dt,282103.0,144469.0,137633.0,1.0,
Jamalpur-2,CPB,Sheikh Md. Akkas Ali,,,7,92,2026-02-12 15:56:06.220455+00:00,dt,282103.0,144469.0,137633.0,1.0,
Jamalpur-2,Islami Andolan Bangladesh,Syed Yunus Ahmed,,,7,92,2026-02-12 15:56:06.220455+00:00,dt,282103.0,144469.0,137633.0,1.0,
Jamalpur-2,Jamaat,Muhammad Abdus Sattar,,,7,92,2026-02-12 15:56:06.220455+00:00,dt,282103.0,144469.0,137633.0,1.0,
Jamalpur-3,BNP,Sansila Zebrin,8234.0,18.0,7,153,2026-02-12 15:56:06.220455+00:00,dt,539504.0,274257.0,265241.0,6.0,1.53
Jamalpur-3,JaPa,Md. Mahmudul Haque Moni,,18.0,7,153,2026-02-12 15:56:06.220455+00:00,dt,539504.0,274257.0,265241.0,6.0,
Jamalpur-3,Jamaat,Md. Rashedul Islam Rashed,16823.0,18.0,7,153,2026-02-12 15:56:06.220455+00:00,dt,539504.0,274257.0,265241.0,6.0,3.12
Jamalpur-3,NCP,Md. Likhon Mia,,18.0,7,153,2026-02-12 15:56:06.220455+00:00,dt,539504.0,274257.0,265241.0,6.0,
Jamalpur-4,AB Party,Md. Abdullah,,14.0,7,89,2026-02-12 15:56:06.220455+00:00,dt,304992.0,151527.0,153464.0,1.0,
Jamalpur-4,BNP,Mohammad Fahim Chowdhury,9657.0,14.0,7,89,2026-02-12 15:56:06.220455+00:00,dt,304992.0,151527.0,153464.0,1.0,3.17
Jamalpur-4,Islami Andolan Bangladesh,Md. Abdullah Al Qayes,,14.0,7,89,2026-02-12 15:56:06.220455+00:00,dt,304992.0,151527.0,153464.0,1.0,
Jamalpur-4,Jamaat,Md. Golam Kibria,9312.0,14.0,7,89,2026-02-12 15:56:06.220455+00:00,dt,304992.0,151527.0,153464.0,1.0,3.05
Jamalpur-5,BNP,Md. Mahmudul Haque Rubel,,,7,159,2026-02-12 15:56:06.220455+00:00,dt,576810.0,281747.0,295053.0,10.0,
Jamalpur-5,Islami Andolan Bangladesh,Abu Taleb Md. Saifuddin,,,7,159,2026-02-12 15:56:06.220455+00:00,dt,576810.0,281747.0,295053.0,10.0,
Jamalpur-5,Jamaat,Mohammad Nuruzzaman,,,7,159,2026-02-12 15:56:06.220455+00:00,dt,576810.0,281747.0,295053.0,10.0,
Kurigram-1,BNP,Shaharin Islam,,,6,229,2026-02-12 15:56:06.220455+00:00,dt,563978.0,281424.0,282551.0,3.0,
Kurigram-1,Islami Andolan Bangladesh,Hasibul Islam,,,6,229,2026-02-12 15:56:06.220455+00:00,dt,563978.0,281424.0,282551.0,3.0,
Kurigram-1,Jamaat,Al-Faruk Abdul Latif,,,6,229,2026-02-12 15:56:06.220455+00:00,dt,563978.0,281424.0,282551.0,3.0,
Kurigram-1,Khelafat Majlish,Md. Sarwarul Alam,,,6,229,2026-02-12 15:56:06.220455+00:00,dt,563978.0,281424.0,282551.0,3.0,
Kurigram-2,BNP,Alhaj Syed Ali,,,6,204,2026-02-12 15:56:06.220455+00:00,dt,604738.0,299890.0,304841.0,7.0,
Kurigram-2,Islami Andolan Bangladesh,Md. Amzad Hossain (Sarkar),,,6,204,2026-02-12 15:56:06.220455+00:00,dt,604738.0,299890.0,304841.0,7.0,
Kurigram-2,JaPa,Md. Rohan Chowdhury,,,6,204,2026-02-12 15:56:06.220455+00:00,dt,604738.0,299890.0,304841.0,7.0,
Kurigram-2,Jamaat,Obaidullah Salafi,,,6,204,2026-02-12 15:56:06.220455+00:00,dt,604738.0,299890.0,304841.0,7.0,
Kurigram-3,BJP,Mirza Md. Shawkat Akbar (Rowshan),,,6,139,2026-02-12 15:56:06.220455+00:00,dt,368470.0,183064.0,185406.0,0.0,
Kurigram-3,BNP,Md. Abdul Gafur Sarkar,,,6,139,2026-02-12 15:56:06.220455+00:00,dt,368470.0,183064.0,185406.0,0.0,
Kurigram-3,Islami Andolan Bangladesh,Md. Shahidul Islam,,,6,139,2026-02-12 15:56:06.220455+00:00,dt,368470.0,183064.0,185406.0,0.0,
Kurigram-3,JaPa,Md. Siddiqul Alam,,,6,139,2026-02-12 15:56:06.220455+00:00,dt,368470.0,183064.0,185406.0,0.0,
Kurigram-3,Jamaat,Abdul Muntakim,,,6,139,2026-02-12 15:56:06.220455+00:00,dt,368470.0,183064.0,185406.0,0.0,
Kurigram-4,BNP,Md. Hasan Rajib Pradhan,,,6,130,2026-02-12 15:56:06.220455+00:00,dt,362753.0,181361.0,181388.0,4.0,
Kurigram-4,Islami Andolan Bangladesh,Muhammad Fazlul Karim Shaharia,,,6,130,2026-02-12 15:56:06.220455+00:00,dt,362753.0,181361.0,181388.0,4.0,
Kurigram-4,JaPa,Md. Moshiur Rahman Ranga,,,6,130,2026-02-12 15:56:06.220455+00:00,dt,362753.0,181361.0,181388.0,4.0,
Kurigram-4,Jamaat,Md. Anwarul Islam Raju,,,6,130,2026-02-12 15:56:06.220455+00:00,dt,362753.0,181361.0,181388.0,4.0,
Lalmonirhat-1,AB Party,Md. Nahid-Rana,,,6,132,2026-02-12 15:56:06.220455+00:00,dt,403561.0,202707.0,200852.0,2.0,
Lalmonirhat-1,BNP,Md. Abdus Salam,,,6,132,2026-02-12 15:56:06.220455+00:00,dt,403561.0,202707.0,200852.0,2.0,
Lalmonirhat-1,CPB,Sahabuddin Ahmed,,,6,132,2026-02-12 15:56:06.220455+00:00,dt,403561.0,202707.0,200852.0,2.0,
Lalmonirhat-1,Islami Andolan Bangladesh,Md. Rezaul Karim,,,6,132,2026-02-12 15:56:06.220455+00:00,dt,403561.0,202707.0,200852.0,2.0,
Lalmonirhat-1,JaPa,Nurun Nahar Begum,,,6,132,2026-02-12 15:56:06.220455+00:00,dt,403561.0,202707.0,200852.0,2.0,
Lalmonirhat-1,Jamaat,Md. Abdul Hakim,,,6,132,2026-02-12 15:56:06.220455+00:00,dt,403561.0,202707.0,200852.0,2.0,
Lalmonirhat-2,BNP,Md. Zahidur Rahman,,,6,144,2026-02-12 15:56:06.220455+00:00,dt,432964.0,217200.0,215761.0,3.0,
Lalmonirhat-2,CPB,Prabhat Samir Shahjahan Alam,,,6,144,2026-02-12 15:56:06.220455+00:00,dt,432964.0,217200.0,215761.0,3.0,
Lalmonirhat-2,Islami Andolan Bangladesh,Md. Al Amin,,,6,144,2026-02-12 15:56:06.220455+00:00,dt,432964.0,217200.0,215761.0,3.0,
Lalmonirhat-2,JaPa,Hafiz Uddin Ahmed,,,6,144,2026-02-12 15:56:06.220455+00:00,dt,432964.0,217200.0,215761.0,3.0,
Lalmonirhat-2,Jamaat,Md. Mizanur Rahman,,,6,144,2026-02-12 15:56:06.220455+00:00,dt,432964.0,217200.0,215761.0,3.0,
Lalmonirhat-3,BNP,Md. Manjurul Islam,,,6,89,2026-02-12 15:56:06.220455+00:00,dt,307970.0,154167.0,153801.0,2.0,
Lalmonirhat-3,Islami Andolan Bangladesh,Md. Chan Mia,,,6,89,2026-02-12 15:56:06.220455+00:00,dt,307970.0,154167.0,153801.0,2.0,
Lalmonirhat-3,JaPa,Md. Shahinur Islam,,,6,89,2026-02-12 15:56:06.220455+00:00,dt,307970.0,154167.0,153801.0,2.0,
Lalmonirhat-3,Jamaat,Md. Matiur Rahman,,,6,89,2026-02-12 15:56:06.220455+00:00,dt,307970.0,154167.0,153801.0,2.0,
Moulvibazar-1,BNP,Md. Abdullah,,,8,112,2026-02-12 15:56:06.220455+00:00,dt,337816.0,172998.0,164816.0,2.0,
Moulvibazar-1,CPB,Abdur Rahman,,,8,112,2026-02-12 15:56:06.220455+00:00,dt,337816.0,172998.0,164816.0,2.0,
Moulvibazar-1,Islami Andolan Bangladesh,Md. Atiqur Rahman Khan,,,8,112,2026-02-12 15:56:06.220455+00:00,dt,337816.0,172998.0,164816.0,2.0,
Moulvibazar-1,Jamaat,A. K. M. Fakhruddin Razi,,,8,112,2026-02-12 15:56:06.220455+00:00,dt,337816.0,172998.0,164816.0,2.0,
Moulvibazar-2,BNP,Abdus Salam Azad,,,8,103,2026-02-12 15:56:06.220455+00:00,dt,303020.0,157128.0,145892.0,0.0,
Moulvibazar-2,Islami Andolan Bangladesh,K. M. Billal,,,8,103,2026-02-12 15:56:06.220455+00:00,dt,303020.0,157128.0,145892.0,0.0,
Moulvibazar-2,JaPa,Md. Noman Mia,,,8,103,2026-02-12 15:56:06.220455+00:00,dt,303020.0,157128.0,145892.0,0.0,
Moulvibazar-2,NCP,Majedul Islam,,,8,103,2026-02-12 15:56:06.220455+00:00,dt,303020.0,157128.0,145892.0,0.0,
Moulvibazar-3,BNP,Md. Kamruzzaman,,,8,174,2026-02-12 15:56:06.220455+00:00,dt,486212.0,248109.0,238099.0,4.0,
Moulvibazar-3,Bangladesh Khelafat Majlish,Noor Hossain Noorani,,,8,174,2026-02-12 15:56:06.220455+00:00,dt,486212.0,248109.0,238099.0,4.0,
Moulvibazar-3,CPB,Sheikh Md. Kamal Hossain,,,8,174,2026-02-12 15:56:06.220455+00:00,dt,486212.0,248109.0,238099.0,4.0,
Moulvibazar-3,Islami Andolan Bangladesh,Suman Dewan,,,8,174,2026-02-12 15:56:06.220455+00:00,dt,486212.0,248109.0,238099.0,4.0,
Moulvibazar-3,JaPa,Md. Arifuzzaman (Didar),,,8,174,2026-02-12 15:56:06.220455+00:00,dt,486212.0,248109.0,238099.0,4.0,
Moulvibazar-4,BNP,Khandaker Abu Ashfaq,5689.0,8.0,8,160,2026-02-12 15:56:06.220455+00:00,dt,487892.0,246202.0,241688.0,2.0,1.17
Moulvibazar-4,Islami Andolan Bangladesh,Nurul Islam,,8.0,8,160,2026-02-12 15:56:06.220455+00:00,dt,487892.0,246202.0,241688.0,2.0,
Moulvibazar-4,JaPa,Md. Nasir Uddin Molla,,8.0,8,160,2026-02-12 15:56:06.220455+00:00,dt,487892.0,246202.0,241688.0,2.0,
Moulvibazar-4,Jamaat,Mohammad Nazrul Islam,5599.0,8.0,8,160,2026-02-12 15:56:06.220455+00:00,dt,487892.0,246202.0,241688.0,2.0,1.15
Mymensingh-1,BNP,Md. Abu Wahab Akand Wahid,,,7,143,2026-02-12 15:56:06.220455+00:00,dt,483712.0,241604.0,242104.0,4.0,
Mymensingh-1,CPB,Emdadul Haque Millat,,,7,143,2026-02-12 15:56:06.220455+00:00,dt,483712.0,241604.0,242104.0,4.0,
Mymensingh-1,Ganosamhati Andolon (Saki),Mostafizur Rahman,,,7,143,2026-02-12 15:56:06.220455+00:00,dt,483712.0,241604.0,242104.0,4.0,
Mymensingh-1,Islami Andolan Bangladesh,Md. Nasir Uddin,,,7,143,2026-02-12 15:56:06.220455+00:00,dt,483712.0,241604.0,242104.0,4.0,
Mymensingh-1,JaPa,Abu Md. Musa Sarkar,,,7,143,2026-02-12 15:56:06.220455+00:00,dt,483712.0,241604.0,242104.0,4.0,
Mymensingh-1,Jamaat,Mohammad Kamrul Ahsan,,,7,143,2026-02-12 15:56:06.220455+00:00,dt,483712.0,241604.0,242104.0,4.0,
Mymensingh-10,BNP,Md. Anwarul Haque,,,7,111,2026-02-12 15:56:06.220455+00:00,dt,409364.0,209120.0,200241.0,3.0,
Mymensingh-10,Islami Andolan Bangladesh,Abdul Qayyum,,,7,111,2026-02-12 15:56:06.220455+00:00,dt,409364.0,209120.0,200241.0,3.0,
Mymensingh-10,JaPa,A. B. M. Rafiqul Haque Talukder,,,7,111,2026-02-12 15:56:06.220455+00:00,dt,409364.0,209120.0,200241.0,3.0,
Mymensingh-10,NCP,Md. Fahim Rahman Khan Pathan,,,7,111,2026-02-12 15:56:06.220455+00:00,dt,409364.0,209120.0,200241.0,3.0,
Mymensingh-11,BNP,Rafiqul Islam Hilali,,,7,105,2026-02-12 15:56:06.220455+00:00,dt,358659.0,178020.0,180636.0,3.0,
Mymensingh-11,Islami Andolan Bangladesh,Md. Zakir Hossain,,,7,105,2026-02-12 15:56:06.220455+00:00,dt,358659.0,178020.0,180636.0,3.0,
Mymensingh-11,JaPa,Md. Abul Hossain Talukder,,,7,105,2026-02-12 15:56:06.220455+00:00,dt,358659.0,178020.0,180636.0,3.0,
Mymensingh-11,Jamaat,Md. Khairul Kabir Niyogi,,,7,105,2026-02-12 15:56:06.220455+00:00,dt,358659.0,178020.0,180636.0,3.0,
Mymensingh-2,AB Party,Md. Rafiqul Islam,,,7,174,2026-02-12 15:56:06.220455+00:00,dt,576167.0,294451.0,281713.0,3.0,
Mymensingh-2,BNP,Mohammad Zakir Hossain,,,7,174,2026-02-12 15:56:06.220455+00:00,dt,576167.0,294451.0,281713.0,3.0,
Mymensingh-2,Ganosamhati Andolon (Saki),Mohammad Nazrul Islam,,,7,174,2026-02-12 15:56:06.220455+00:00,dt,576167.0,294451.0,281713.0,3.0,
Mymensingh-2,Islami Andolan Bangladesh,Mohammad Sirajul Islam,,,7,174,2026-02-12 15:56:06.220455+00:00,dt,576167.0,294451.0,281713.0,3.0,
Mymensingh-2,Jamaat,Md. Matiur Rahman Akand,,,7,174,2026-02-12 15:56:06.220455+00:00,dt,576167.0,294451.0,281713.0,3.0,
Mymensingh-3,BNP,Md. Akhtarul Alam,,,7,92,2026-02-12 15:56:06.220455+00:00,dt,298268.0,150780.0,147487.0,1.0,
Mymensingh-3,Islami Andolan Bangladesh,Md. Nure Alam Siddique,,,7,92,2026-02-12 15:56:06.220455+00:00,dt,298268.0,150780.0,147487.0,1.0,
Mymensingh-3,Jamaat,Md. Kamrul Hasan,,,7,92,2026-02-12 15:56:06.220455+00:00,dt,298268.0,150780.0,147487.0,1.0,
Mymensingh-4,BNP,Dr. Md. Mahabubur Rahman,,,7,177,2026-02-12 15:56:06.220455+00:00,dt,695306.0,345005.0,350291.0,10.0,
Mymensingh-4,Islami Andolan Bangladesh,Md. Ibrahim Khalilullah,,,7,177,2026-02-12 15:56:06.220455+00:00,dt,695306.0,345005.0,350291.0,10.0,
Mymensingh-4,JaPa,Md. Jahirul Islam,,,7,177,2026-02-12 15:56:06.220455+00:00,dt,695306.0,345005.0,350291.0,10.0,
Mymensingh-4,Jamaat,Md. Asaduzzaman,,,7,177,2026-02-12 15:56:06.220455+00:00,dt,695306.0,345005.0,350291.0,10.0,
Mymensingh-5,BNP,Lutfullah-el-Mazed,,,7,104,2026-02-12 15:56:06.220455+00:00,dt,387927.0,194275.0,193650.0,2.0,
Mymensingh-5,Islami Andolan Bangladesh,Shah Nurul Kabir,,,7,104,2026-02-12 15:56:06.220455+00:00,dt,387927.0,194275.0,193650.0,2.0,
Mymensingh-5,JaPa,Fakhrul Imam,,,7,104,2026-02-12 15:56:06.220455+00:00,dt,387927.0,194275.0,193650.0,2.0,
Mymensingh-6,BNP,Yaser Khan Chowdhury,,,7,121,2026-02-12 15:56:06.220455+00:00,dt,417927.0,210330.0,207595.0,2.0,
Mymensingh-6,Gano Forum,Md. Latiful Bari (Hamim),,,7,121,2026-02-12 15:56:06.220455+00:00,dt,417927.0,210330.0,207595.0,2.0,
Mymensingh-6,Islami Andolan Bangladesh,Md. Saeedur Rahman,,,7,121,2026-02-12 15:56:06.220455+00:00,dt,417927.0,210330.0,207595.0,2.0,
Mymensingh-6,JaPa,Hasmat Mahmud,,,7,121,2026-02-12 15:56:06.220455+00:00,dt,417927.0,210330.0,207595.0,2.0,
Mymensingh-7,BNP,Mohammad Akhtaruzzaman,,,7,120,2026-02-12 15:56:06.220455+00:00,dt,403249.0,205179.0,198070.0,0.0,
Mymensingh-7,CPB,Md. Saifus Salehin,,,7,120,2026-02-12 15:56:06.220455+00:00,dt,403249.0,205179.0,198070.0,0.0,
Mymensingh-7,Ganosamhati Andolon (Saki),A. K. M. Shamsul Alam,,,7,120,2026-02-12 15:56:06.220455+00:00,dt,403249.0,205179.0,198070.0,0.0,
Mymensingh-7,Islami Andolan Bangladesh,Md. Habibullah Belali,,,7,120,2026-02-12 15:56:06.220455+00:00,dt,403249.0,205179.0,198070.0,0.0,
Mymensingh-7,JaPa,Md. Al Amin (Sohan),,,7,120,2026-02-12 15:56:06.220455+00:00,dt,403249.0,205179.0,198070.0,0.0,
Mymensingh-7,Jamaat,Md. Ismail,,,7,120,2026-02-12 15:56:06.220455+00:00,dt,403249.0,205179.0,198070.0,0.0,
Mymensingh-8,BNP,Fakhr Uddin Ahmed,,,7,92,2026-02-12 15:56:06.220455+00:00,dt,348879.0,179437.0,169436.0,6.0,
Mymensingh-8,Islami Andolan Bangladesh,Md. Mostafa Kamal,,,7,92,2026-02-12 15:56:06.220455+00:00,dt,348879.0,179437.0,169436.0,6.0,
Mymensingh-8,NCP,Zahidul Islam,,,7,92,2026-02-12 15:56:06.220455+00:00,dt,348879.0,179437.0,169436.0,6.0,
Mymensingh-9,BNP,Barrister Kaiser Kamal,,,7,121,2026-02-12 15:56:06.220455+00:00,dt,384641.0,198692.0,185942.0,7.0,
Mymensingh-9,Bangladesh Khelafat Majlish,Golam Rabbani,,,7,121,2026-02-12 15:56:06.220455+00:00,dt,384641.0,198692.0,185942.0,7.0,
Mymensingh-9,CPB,Md. Alkas Uddin Mir,,,7,121,2026-02-12 15:56:06.220455+00:00,dt,384641.0,198692.0,185942.0,7.0,
Mymensingh-9,Islami Andolan Bangladesh,Md. Abdul Mannan (Sohag),,,7,121,2026-02-12 15:56:06.220455+00:00,dt,384641.0,198692.0,185942.0,7.0,
Mymensingh-9,JaPa,Md. Anwar Hossain Khan,,,7,121,2026-02-12 15:56:06.220455+00:00,dt,384641.0,198692.0,185942.0,7.0,
Naogaon-1,BNP,Ikramul Bari Tipu,63662.0,53.0,5,165,2026-02-12 15:56:06.220455+00:00,dt,474067.0,235379.0,238684.0,4.0,13.43
Naogaon-1,CPB,Dr. S. M. Fazlur Rahman,,53.0,5,165,2026-02-12 15:56:06.220455+00:00,dt,474067.0,235379.0,238684.0,4.0,
Naogaon-1,Islami Andolan Bangladesh,Sohrab Hossain,,53.0,5,165,2026-02-12 15:56:06.220455+00:00,dt,474067.0,235379.0,238684.0,4.0,
Naogaon-1,JaPa,Md. Altaf Hossain,,53.0,5,165,2026-02-12 15:56:06.220455+00:00,dt,474067.0,235379.0,238684.0,4.0,
Naogaon-1,Jamaat,Md. Abdur Rakib,40685.0,53.0,5,165,2026-02-12 15:56:06.220455+00:00,dt,474067.0,235379.0,238684.0,4.0,8.58
Naogaon-2,BNP,Md. Zahidul Islam Dhalu,36971.0,30.0,5,124,2026-02-12 15:56:06.220455+00:00,dt,372436.0,185375.0,187059.0,2.0,9.93
Naogaon-2,CPB,Shafiqul Islam,,30.0,5,124,2026-02-12 15:56:06.220455+00:00,dt,372436.0,185375.0,187059.0,2.0,
Naogaon-2,Islami Andolan Bangladesh,Md. Abdur Rahman,,30.0,5,124,2026-02-12 15:56:06.220455+00:00,dt,372436.0,185375.0,187059.0,2.0,
Naogaon-2,JaPa,Md. Anwar Hossain,,30.0,5,124,2026-02-12 15:56:06.220455+00:00,dt,372436.0,185375.0,187059.0,2.0,
Naogaon-2,Jamaat,Abu Sadat Md. Sayem,24885.0,30.0,5,124,2026-02-12 15:56:06.220455+00:00,dt,372436.0,185375.0,187059.0,2.0,6.68
Naogaon-3,BNP,Sheikh Md. Rezaul Islam,25541.0,27.0,5,141,2026-02-12 15:56:06.220455+00:00,dt,440785.0,218988.0,221796.0,1.0,5.79
Naogaon-3,Islami Andolan Bangladesh,Md. Rafiqul Islam,,27.0,5,141,2026-02-12 15:56:06.220455+00:00,dt,440785.0,218988.0,221796.0,1.0,
Naogaon-3,Jamaat,Md. Khabirul Islam,23664.0,27.0,5,141,2026-02-12 15:56:06.220455+00:00,dt,440785.0,218988.0,221796.0,1.0,5.37
Naogaon-4,AB Party,Md. Abdur Rahman,,14.0,5,117,2026-02-12 15:56:06.220455+00:00,dt,333862.0,165643.0,168215.0,4.0,
Naogaon-4,BNP,Md. Sharif Uddin,10113.0,14.0,5,117,2026-02-12 15:56:06.220455+00:00,dt,333862.0,165643.0,168215.0,4.0,3.03
Naogaon-4,Jamaat,Md. Mujibur Rahman,18336.0,14.0,5,117,2026-02-12 15:56:06.220455+00:00,dt,333862.0,165643.0,168215.0,4.0,5.49
Naogaon-5,AB Party,Md. Saeed Noman,,14.0,5,113,2026-02-12 15:56:06.220455+00:00,dt,363030.0,180031.0,182994.0,5.0,
Naogaon-5,BNP,Md. Mizanur Rahman Minu,15144.0,14.0,5,113,2026-02-12 15:56:06.220455+00:00,dt,363030.0,180031.0,182994.0,5.0,4.17
Naogaon-5,Jamaat,Mohammad Jahangir,11013.0,14.0,5,113,2026-02-12 15:56:06.220455+00:00,dt,363030.0,180031.0,182994.0,5.0,3.03
Naogaon-6,BNP,Mohammad Shafiqul Haque Milon,23015.0,19.0,5,114,2026-02-12 15:56:06.220455+00:00,dt,345416.0,174350.0,171061.0,5.0,6.66
Naogaon-6,Islami Andolan Bangladesh,Md. Fazlur Rahman,,19.0,5,114,2026-02-12 15:56:06.220455+00:00,dt,345416.0,174350.0,171061.0,5.0,
Naogaon-6,JaPa,Md. Afzal Hossain,,19.0,5,114,2026-02-12 15:56:06.220455+00:00,dt,345416.0,174350.0,171061.0,5.0,
Naogaon-6,Jamaat,Md. Abul Kalam Azad,14510.0,19.0,5,114,2026-02-12 15:56:06.220455+00:00,dt,345416.0,174350.0,171061.0,5.0,4.2
Natore-1,AB Party,Md. Moksedul Momin,,,5,125,2026-02-12 15:56:06.220455+00:00,dt,368276.0,183595.0,184679.0,2.0,
Natore-1,BNP,Md. Abdul Aziz,,,5,125,2026-02-12 15:56:06.220455+00:00,dt,368276.0,183595.0,184679.0,2.0,
Natore-1,Islami Andolan Bangladesh,Md. Emdadullah,,,5,125,2026-02-12 15:56:06.220455+00:00,dt,368276.0,183595.0,184679.0,2.0,
Natore-1,JaPa,M. Yusuf Ahmed,,,5,125,2026-02-12 15:56:06.220455+00:00,dt,368276.0,183595.0,184679.0,2.0,
Natore-1,Jamaat,Md. Abdul Hakim,,,5,125,2026-02-12 15:56:06.220455+00:00,dt,368276.0,183595.0,184679.0,2.0,
Natore-2,BNP,Md. Selim Reza,,,5,156,2026-02-12 15:56:06.220455+00:00,dt,406886.0,201655.0,205222.0,9.0,
Natore-2,JaPa,Md. Jahurul Islam,,,5,156,2026-02-12 15:56:06.220455+00:00,dt,406886.0,201655.0,205222.0,9.0,
Natore-2,Jamaat,Md. Shahinur Alam,,,5,156,2026-02-12 15:56:06.220455+00:00,dt,406886.0,201655.0,205222.0,9.0,
Natore-3,BNP,Iqbal Hasan Mahmud,2618.0,2.0,5,118,2026-02-12 15:56:06.220455+00:00,dt,326872.0,164088.0,162781.0,3.0,0.8
Natore-3,CPB,Md. Anwar Hossain,,2.0,5,118,2026-02-12 15:56:06.220455+00:00,dt,326872.0,164088.0,162781.0,3.0,
Natore-3,Islami Andolan Bangladesh,Md. Mohibullah,,2.0,5,118,2026-02-12 15:56:06.220455+00:00,dt,326872.0,164088.0,162781.0,3.0,
Natore-3,Jamaat,Muhammad Zahidul Islam,1269.0,2.0,5,118,2026-02-12 15:56:06.220455+00:00,dt,326872.0,164088.0,162781.0,3.0,0.39
Natore-4,BNP,Md. Ainul Haque,,,5,167,2026-02-12 15:56:06.220455+00:00,dt,445172.0,221348.0,223821.0,3.0,
Natore-4,Bangladesh Khelafat Majlish,Md. Abdur Rauf Sarkar,,,5,167,2026-02-12 15:56:06.220455+00:00,dt,445172.0,221348.0,223821.0,3.0,
Natore-4,JaPa,Md. Fazlul Haque,,,5,167,2026-02-12 15:56:06.220455+00:00,dt,445172.0,221348.0,223821.0,3.0,
Netrokona-1,BNP,Md. Lutfuzzaman Babar,,,7,124,2026-02-12 15:56:06.220455+00:00,dt,,,,,
Netrokona-1,CPB,Jolly Talukder,,,7,124,2026-02-12 15:56:06.220455+00:00,dt,,,,,
Netrokona-1,Islami Andolan Bangladesh,Md. Mokhlesur Rahman,,,7,124,2026-02-12 15:56:06.220455+00:00,dt,,,,,
Netrokona-1,Jamaat,Md. Al-Helal,,,7,124,2026-02-12 15:56:06.220455+00:00,dt,,,,,
Netrokona-2,BNP,Md. Abu Taher Talukder,,,7,172,2026-02-12 15:56:06.220455+00:00,dt,,,,,
Netrokona-2,Islami Andolan Bangladesh,Md. Nurul Islam,,,7,172,2026-02-12 15:56:06.220455+00:00,dt,,,,,
Netrokona-2,Jamaat,Masum Mustafa,,,7,172,2026-02-12 15:56:06.220455+00:00,dt,,,,,
Netrokona-3,BNP,M. A. Hannan,,,7,149,2026-02-12 15:56:06.220455+00:00,dt,,,,,
Netrokona-3,Islami Andolan Bangladesh,Hussain Ahmed,,,7,149,2026-02-12 15:56:06.220455+00:00,dt,,,,,
Netrokona-3,JaPa,Md. Shah Alam,,,7,149,2026-02-12 15:56:06.220455+00:00,dt,,,,,
Netrokona-3,Jamaat,A. K. M. Aminul Islam,,,7,149,2026-02-12 15:56:06.220455+00:00,dt,,,,,
Netrokona-4,Islami Andolan Bangladesh,Nesar Ahmad,,,7,147,2026-02-12 15:56:06.220455+00:00,dt,,,,,
Netrokona-4,JaPa,Adv. Md. Ziaul Haque Mridha,,,7,147,2026-02-12 15:56:06.220455+00:00,dt,,,,,
Netrokona-4,Jamiat Ulema-e-Islam Bangladesh,Mohammad Junayed Al Habib,,,7,147,2026-02-12 15:56:06.220455+00:00,dt,,,,,
Netrokona-4,NCP,Ashraf Uddin,,,7,147,2026-02-12 15:56:06.220455+00:00,dt,,,,,
Netrokona-5,BNP,Md. Khaled Hossain Mahbub,,,7,81,2026-02-12 15:56:06.220455+00:00,dt,,,,,
Netrokona-5,Islami Andolan Bangladesh,Niazul Karim,,,7,81,2026-02-12 15:56:06.220455+00:00,dt,,,,,
Netrokona-5,JaPa,Md. Rezaul Islam Bhuiyan,,,7,81,2026-02-12 15:56:06.220455+00:00,dt,,,,,
Netrokona-5,NCP,Ataullah,,,7,81,2026-02-12 15:56:06.220455+00:00,dt,,,,,
Nilphamari-2,BNP,Mohammad Nawshad Zamir,,,6,135,2026-02-12 15:56:06.220455+00:00,dt,385785.0,193034.0,192749.0,2.0,
Nilphamari-2,NCP,Md. Sarjis Alam,,,6,135,2026-02-12 15:56:06.220455+00:00,dt,385785.0,193034.0,192749.0,2.0,
Nilphamari-3,BNP,Farhad Hossain Azad,,,6,105,2026-02-12 15:56:06.220455+00:00,dt,294446.0,149878.0,144567.0,1.0,
Nilphamari-3,CPB,Md. Ashraful Alam,,,6,105,2026-02-12 15:56:06.220455+00:00,dt,294446.0,149878.0,144567.0,1.0,
Nilphamari-3,Islami Andolan Bangladesh,Md. Kamrul Hasan Prodhan,,,6,105,2026-02-12 15:56:06.220455+00:00,dt,294446.0,149878.0,144567.0,1.0,
Nilphamari-3,JaPa,Md. Lutfar Rahman Ripon,,,6,105,2026-02-12 15:56:06.220455+00:00,dt,294446.0,149878.0,144567.0,1.0,
Nilphamari-3,Jamaat,Md. Safiul Alam,,,6,105,2026-02-12 15:56:06.220455+00:00,dt,294446.0,149878.0,144567.0,1.0,
Nilphamari-4,BNP,Mirza Fakhrul Islam Alamgir,2251.0,2.0,6,169,2026-02-12 15:56:06.220455+00:00,dt,451814.0,226728.0,225081.0,5.0,0.5
Nilphamari-4,Islami Andolan Bangladesh,Md. Khademul Islam,,2.0,6,169,2026-02-12 15:56:06.220455+00:00,dt,451814.0,226728.0,225081.0,5.0,
Nilphamari-4,Jamaat,Delwar Hossain,1072.0,2.0,6,169,2026-02-12 15:56:06.220455+00:00,dt,451814.0,226728.0,225081.0,5.0,0.24
Pabna-1,BNP,Md. Habibur Rahman (Habib),,,5,125,2026-02-12 15:56:06.220455+00:00,dt,464904.0,237675.0,227228.0,1.0,
Pabna-1,CPB,Md. Sohag Hossain,,,5,125,2026-02-12 15:56:06.220455+00:00,dt,464904.0,237675.0,227228.0,1.0,
Pabna-1,Islami Andolan Bangladesh,Md. Anwar Shah,,,5,125,2026-02-12 15:56:06.220455+00:00,dt,464904.0,237675.0,227228.0,1.0,
Pabna-1,JaPa,Md. Saiful Azad Mallik,,,5,125,2026-02-12 15:56:06.220455+00:00,dt,464904.0,237675.0,227228.0,1.0,
Pabna-1,Jamaat,Md. Abu Taleb Mondol,,,5,125,2026-02-12 15:56:06.220455+00:00,dt,464904.0,237675.0,227228.0,1.0,
Pabna-2,AB Party,Md. Abdul Majid Mollah,,11.0,5,108,2026-02-12 15:56:06.220455+00:00,dt,373425.0,191467.0,181957.0,1.0,
Pabna-2,BNP,Md. Shamsur Rahman Shimul Biswas,1039.0,11.0,5,108,2026-02-12 15:56:06.220455+00:00,dt,373425.0,191467.0,181957.0,1.0,0.28
Pabna-2,Islami Andolan Bangladesh,Md. Nazmul Hossain,,11.0,5,108,2026-02-12 15:56:06.220455+00:00,dt,373425.0,191467.0,181957.0,1.0,
Pabna-2,Jamaat,Md. Iqbal Hossain,8897.0,11.0,5,108,2026-02-12 15:56:06.220455+00:00,dt,373425.0,191467.0,181957.0,1.0,2.38
Pabna-3,BNP,Masud Arun,,,5,176,2026-02-12 15:56:06.220455+00:00,dt,486806.0,243937.0,242863.0,6.0,
Pabna-3,CPB,Md. Mizanur Rahman,,,5,176,2026-02-12 15:56:06.220455+00:00,dt,486806.0,243937.0,242863.0,6.0,
Pabna-3,JaPa,Md. Abdul Hamid,,,5,176,2026-02-12 15:56:06.220455+00:00,dt,486806.0,243937.0,242863.0,6.0,
Pabna-3,Jamaat,Md. Tajuddin Khan,,,5,176,2026-02-12 15:56:06.220455+00:00,dt,486806.0,243937.0,242863.0,6.0,
Pabna-4,BNP,Md. Amjad Hossain,,,5,129,2026-02-12 15:56:06.220455+00:00,dt,440168.0,221442.0,218720.0,6.0,
Pabna-4,JaPa,Md. Abdul Baki,,,5,129,2026-02-12 15:56:06.220455+00:00,dt,440168.0,221442.0,218720.0,6.0,
Pabna-4,Jamaat,Md. Nazmul Huda,,,5,129,2026-02-12 15:56:06.220455+00:00,dt,440168.0,221442.0,218720.0,6.0,
Pabna-5,BNP,Reza Ahmed,10971.0,10.0,5,163,2026-02-12 15:56:06.220455+00:00,dt,528044.0,266433.0,261608.0,3.0,2.08
Pabna-5,Islami Andolan Bangladesh,Md. Aminul Islam,,10.0,5,163,2026-02-12 15:56:06.220455+00:00,dt,528044.0,266433.0,261608.0,3.0,
Pabna-5,JaPa,Md. Nuruzzaman,,10.0,5,163,2026-02-12 15:56:06.220455+00:00,dt,528044.0,266433.0,261608.0,3.0,
Pabna-5,Jamaat,Md. Belal Uddin,5923.0,10.0,5,163,2026-02-12 15:56:06.220455+00:00,dt,528044.0,266433.0,261608.0,3.0,1.12
Rajshahi-1,BNP,D. M. D. Ziaur Rahman,40655.0,40.0,5,158,2026-02-12 15:56:06.220455+00:00,dt,468780.0,234078.0,234699.0,3.0,8.67
Rajshahi-1,Islami Andolan Bangladesh,Md. Tajul Islam Khan,,40.0,5,158,2026-02-12 15:56:06.220455+00:00,dt,468780.0,234078.0,234699.0,3.0,
Rajshahi-1,JaPa,Md. Fazlul Haque,,40.0,5,158,2026-02-12 15:56:06.220455+00:00,dt,468780.0,234078.0,234699.0,3.0,
Rajshahi-1,Jamaat,Md. Abdul Bari Sardar,43295.0,40.0,5,158,2026-02-12 15:56:06.220455+00:00,dt,468780.0,234078.0,234699.0,3.0,9.24
Rajshahi-2,BNP,Professor Nazrul Islam,14869.0,13.0,5,112,2026-02-12 15:56:06.220455+00:00,dt,369564.0,178249.0,191307.0,8.0,4.02
Rajshahi-2,Islami Andolan Bangladesh,Md. Ruhul Amin,,13.0,5,112,2026-02-12 15:56:06.220455+00:00,dt,369564.0,178249.0,191307.0,8.0,
Rajshahi-2,Jamaat,Manjur Rahman,5372.0,13.0,5,112,2026-02-12 15:56:06.220455+00:00,dt,369564.0,178249.0,191307.0,8.0,1.45
Rajshahi-3,BNP,Md. Abu Sayeed Chand,6227.0,5.0,5,128,2026-02-12 15:56:06.220455+00:00,dt,423738.0,210897.0,212835.0,6.0,1.47
Rajshahi-3,Islami Andolan Bangladesh,Md. Abdus Salam Suruj,,5.0,5,128,2026-02-12 15:56:06.220455+00:00,dt,423738.0,210897.0,212835.0,6.0,
Rajshahi-3,JaPa,Md. Iqbal Hossain,,5.0,5,128,2026-02-12 15:56:06.220455+00:00,dt,423738.0,210897.0,212835.0,6.0,
Rajshahi-3,Jamaat,Md. Nazmul Haque,3393.0,5.0,5,128,2026-02-12 15:56:06.220455+00:00,dt,423738.0,210897.0,212835.0,6.0,0.8
Rajshahi-4,BNP,Farzana Sharmin,398.0,1.0,5,122,2026-02-12 15:56:06.220455+00:00,dt,319909.0,160720.0,159185.0,4.0,0.12
Rajshahi-4,Ganosamhati Andolon (Saki),Md. Sentu Ali,,1.0,5,122,2026-02-12 15:56:06.220455+00:00,dt,319909.0,160720.0,159185.0,4.0,
Rajshahi-4,Islami Andolan Bangladesh,Md. Abdullahil Baki,,1.0,5,122,2026-02-12 15:56:06.220455+00:00,dt,319909.0,160720.0,159185.0,4.0,
Rajshahi-4,JaPa,Md. Sahed Ali Jinnah,,1.0,5,122,2026-02-12 15:56:06.220455+00:00,dt,319909.0,160720.0,159185.0,4.0,
Rajshahi-4,Jamaat,Md. Abul Kalam Azad,910.0,1.0,5,122,2026-02-12 15:56:06.220455+00:00,dt,319909.0,160720.0,159185.0,4.0,0.28
Rajshahi-5,BNP,M. Ruhul Quddus Talukder Dulu,9982.0,9.0,5,132,2026-02-12 15:56:06.220455+00:00,dt,353174.0,176670.0,176499.0,5.0,2.83
Rajshahi-5,Ganosamhati Andolon (Saki),Tahamida Islam Tania,,9.0,5,132,2026-02-12 15:56:06.220455+00:00,dt,353174.0,176670.0,176499.0,5.0,
Rajshahi-5,Islami Andolan Bangladesh,Mohammad Ali Siddiqui,,9.0,5,132,2026-02-12 15:56:06.220455+00:00,dt,353174.0,176670.0,176499.0,5.0,
Rajshahi-5,JaPa,Md. Rakib Uddin (Komol),,9.0,5,132,2026-02-12 15:56:06.220455+00:00,dt,353174.0,176670.0,176499.0,5.0,
Rajshahi-5,Jamaat,Md. Yunus Ali,9034.0,9.0,5,132,2026-02-12 15:56:06.220455+00:00,dt,353174.0,176670.0,176499.0,5.0,2.56
Rajshahi-6,BNP,Md. Anwarul Islam,,,5,118,2026-02-12 15:56:06.220455+00:00,dt,357054.0,178068.0,178984.0,2.0,
Rajshahi-6,Islami Andolan Bangladesh,Md. Khalilur Rahman,,,5,118,2026-02-12 15:56:06.220455+00:00,dt,357054.0,178068.0,178984.0,2.0,
Rajshahi-6,JaPa,Md. Ashiq Iqbal,,,5,118,2026-02-12 15:56:06.220455+00:00,dt,357054.0,178068.0,178984.0,2.0,
Rajshahi-6,NCP,S. M. Zargis Qadir,,,5,118,2026-02-12 15:56:06.220455+00:00,dt,357054.0,178068.0,178984.0,2.0,
Rangpur-1,BNP,Md. Sadik Riyaz,,,6,123,2026-02-12 15:56:06.220455+00:00,dt,375227.0,188829.0,186394.0,4.0,
Rangpur-1,Bangladesh Khelafat Majlish,Zobayer Sayeed,,,6,123,2026-02-12 15:56:06.220455+00:00,dt,375227.0,188829.0,186394.0,4.0,
Rangpur-1,Islami Andolan Bangladesh,Md. Redwanul Karim Rabid,,,6,123,2026-02-12 15:56:06.220455+00:00,dt,375227.0,188829.0,186394.0,4.0,
Rangpur-1,JaPa,Md. Zulfikar Hossain,,,6,123,2026-02-12 15:56:06.220455+00:00,dt,375227.0,188829.0,186394.0,4.0,
Rangpur-1,Jamaat,AKM Afzalul Anam,,,6,123,2026-02-12 15:56:06.220455+00:00,dt,375227.0,188829.0,186394.0,4.0,
Rangpur-2,BNP,Syed Jahangir Alam,,,6,136,2026-02-12 15:56:06.220455+00:00,dt,380921.0,192287.0,188625.0,9.0,
Rangpur-2,CPB,Amrit Kumar Roy,,,6,136,2026-02-12 15:56:06.220455+00:00,dt,380921.0,192287.0,188625.0,9.0,
Rangpur-2,Islami Andolan Bangladesh,Md. Khairuzzaman,,,6,136,2026-02-12 15:56:06.220455+00:00,dt,380921.0,192287.0,188625.0,9.0,
Rangpur-2,JaPa,Ahmed Shafi Rubel,,,6,136,2026-02-12 15:56:06.220455+00:00,dt,380921.0,192287.0,188625.0,9.0,
Rangpur-2,Jamaat,Md. Mainul Alam,,,6,136,2026-02-12 15:56:06.220455+00:00,dt,380921.0,192287.0,188625.0,9.0,
Rangpur-3,BNP,Md. Akhtaruzzaman Mia,,,6,175,2026-02-12 15:56:06.220455+00:00,dt,508223.0,252369.0,255849.0,5.0,
Rangpur-3,Islami Andolan Bangladesh,Md. Anwar Hossain,,,6,175,2026-02-12 15:56:06.220455+00:00,dt,508223.0,252369.0,255849.0,5.0,
Rangpur-3,JaPa,Md. Nurul Amin Shah,,,6,175,2026-02-12 15:56:06.220455+00:00,dt,508223.0,252369.0,255849.0,5.0,
Rangpur-3,Jamaat,Md. Aftab Uddin Molla,,,6,175,2026-02-12 15:56:06.220455+00:00,dt,508223.0,252369.0,255849.0,5.0,
Rangpur-4,BNP,AKM Kamruzzaman,,,6,163,2026-02-12 15:56:06.220455+00:00,dt,509905.0,250787.0,259113.0,5.0,
Rangpur-4,JaPa,Md. Kazi Abdul Gafur,,,6,163,2026-02-12 15:56:06.220455+00:00,dt,509905.0,250787.0,259113.0,5.0,
Rangpur-4,NCP,Md. Abdul Ahad,,,6,163,2026-02-12 15:56:06.220455+00:00,dt,509905.0,250787.0,259113.0,5.0,
Rangpur-5,BNP,Abu Zafar Md. Zahid Hossain,,,6,150,2026-02-12 15:56:06.220455+00:00,dt,469189.0,232462.0,236723.0,4.0,
Rangpur-5,Islami Andolan Bangladesh,Md. Nur Alam Siddique,,,6,150,2026-02-12 15:56:06.220455+00:00,dt,469189.0,232462.0,236723.0,4.0,
Rangpur-5,JaPa,Md. Rezaul Haque,,,6,150,2026-02-12 15:56:06.220455+00:00,dt,469189.0,232462.0,236723.0,4.0,
Rangpur-5,Jamaat,Md. Anwarul Islam,,,6,150,2026-02-12 15:56:06.220455+00:00,dt,469189.0,232462.0,236723.0,4.0,
Rangpur-6,Islami Andolan Bangladesh,Md. Abdul Jalil,,,6,111,2026-02-12 15:56:06.220455+00:00,dt,355737.0,176103.0,179630.0,4.0,
Rangpur-6,JaPa,Md. Taslim Uddin,,,6,111,2026-02-12 15:56:06.220455+00:00,dt,355737.0,176103.0,179630.0,4.0,
Rangpur-6,Jamaat,Md. Abdus Sattar,,,6,111,2026-02-12 15:56:06.220455+00:00,dt,355737.0,176103.0,179630.0,4.0,
Rangpur-6,Jamiat Ulema-e-Islam Bangladesh,Maulana Md. Manjurul Islam,,,6,111,2026-02-12 15:56:06.220455+00:00,dt,355737.0,176103.0,179630.0,4.0,
Sherpur-1,BNP,Syed Emran Saleh,,,7,144,2026-02-12 15:56:06.220455+00:00,dt,450489.0,224472.0,226009.0,8.0,
Sherpur-1,Bangladesh Khelafat Majlish,Md. Tajul Islam,,,7,144,2026-02-12 15:56:06.220455+00:00,dt,450489.0,224472.0,226009.0,8.0,
Sherpur-1,CPB,Azharul Islam,,,7,144,2026-02-12 15:56:06.220455+00:00,dt,450489.0,224472.0,226009.0,8.0,
Sherpur-1,Islami Andolan Bangladesh,Md. Jillur Rahman,,,7,144,2026-02-12 15:56:06.220455+00:00,dt,450489.0,224472.0,226009.0,8.0,
Sherpur-2,BNP,Motahar Hossain Talukder,,,7,154,2026-02-12 15:56:06.220455+00:00,dt,440035.0,215786.0,224249.0,0.0,
Sherpur-2,Bangladesh Khelafat Majlish,Mohammadullah,,,7,154,2026-02-12 15:56:06.220455+00:00,dt,440035.0,215786.0,224249.0,0.0,
Sherpur-2,Islami Andolan Bangladesh,Golam Mawla Bhuiyan,,,7,154,2026-02-12 15:56:06.220455+00:00,dt,440035.0,215786.0,224249.0,0.0,
Sherpur-2,JaPa,Md. Emdadul Haque Khan,,,7,154,2026-02-12 15:56:06.220455+00:00,dt,440035.0,215786.0,224249.0,0.0,
Sherpur-3,BNP,M. Iqbal Hossain,,,7,126,2026-02-12 15:56:06.220455+00:00,dt,413377.0,205077.0,208293.0,7.0,
Sherpur-3,Islami Andolan Bangladesh,Md. Shariful Islam,,,7,126,2026-02-12 15:56:06.220455+00:00,dt,413377.0,205077.0,208293.0,7.0,
Sirajganj-1,BNP,M. Akbar Ali,,,5,173,2026-02-12 15:56:06.220455+00:00,dt,385024.0,189676.0,195344.0,4.0,
Sirajganj-1,CPB,Md. Abdul Hakim,,,5,173,2026-02-12 15:56:06.220455+00:00,dt,385024.0,189676.0,195344.0,4.0,
Sirajganj-1,Islami Andolan Bangladesh,Abdur Rahman,,,5,173,2026-02-12 15:56:06.220455+00:00,dt,385024.0,189676.0,195344.0,4.0,
Sirajganj-1,JaPa,Md. Hilton Pramanik,,,5,173,2026-02-12 15:56:06.220455+00:00,dt,385024.0,189676.0,195344.0,4.0,
Sirajganj-1,Jamaat,Md. Rafiqul Islam Khan,,,5,173,2026-02-12 15:56:06.220455+00:00,dt,385024.0,189676.0,195344.0,4.0,
Sirajganj-2,BNP,Md. Amirul Islam Khan,,,5,145,2026-02-12 15:56:06.220455+00:00,dt,469878.0,235248.0,234626.0,4.0,
Sirajganj-2,CPB,Md. Matiar Rahman,,,5,145,2026-02-12 15:56:06.220455+00:00,dt,469878.0,235248.0,234626.0,4.0,
Sirajganj-2,Islami Andolan Bangladesh,Nurun Nabi,,,5,145,2026-02-12 15:56:06.220455+00:00,dt,469878.0,235248.0,234626.0,4.0,
Sirajganj-2,JaPa,Md. Akbar Hossain,,,5,145,2026-02-12 15:56:06.220455+00:00,dt,469878.0,235248.0,234626.0,4.0,
Sirajganj-2,Jamaat,Md. Ali Alam,,,5,145,2026-02-12 15:56:06.220455+00:00,dt,469878.0,235248.0,234626.0,4.0,
Sirajganj-3,AB Party,Abu Jafar Md. Anwarus Sadat,,,5,153,2026-02-12 15:56:06.220455+00:00,dt,444427.0,222737.0,221683.0,7.0,
Sirajganj-3,BNP,M. A. Muhit,,,5,153,2026-02-12 15:56:06.220455+00:00,dt,444427.0,222737.0,221683.0,7.0,
Sirajganj-3,Islami Andolan Bangladesh,Misbah Uddin,,,5,153,2026-02-12 15:56:06.220455+00:00,dt,444427.0,222737.0,221683.0,7.0,
Sirajganj-3,JaPa,Md. Moktar Hossain,,,5,153,2026-02-12 15:56:06.220455+00:00,dt,444427.0,222737.0,221683.0,7.0,
Sirajganj-3,NCP,S. M. Saif Mostafiz,,,5,153,2026-02-12 15:56:06.220455+00:00,dt,444427.0,222737.0,221683.0,7.0,
Sirajganj-4,BNP,Md. Shamsur Rahman,,,5,137,2026-02-12 15:56:06.220455+00:00,dt,475821.0,243680.0,232125.0,16.0,
Sirajganj-4,Islami Andolan Bangladesh,Md. Abdul Gani,,,5,137,2026-02-12 15:56:06.220455+00:00,dt,475821.0,243680.0,232125.0,16.0,
Sirajganj-4,Jamaat,Mohammad Najibur Rahman,,,5,137,2026-02-12 15:56:06.220455+00:00,dt,475821.0,243680.0,232125.0,16.0,
Sirajganj-5,BNP,A. K. M. Selim Reza Habib,,,5,124,2026-02-12 15:56:06.220455+00:00,dt,426321.0,218664.0,207655.0,2.0,
Sirajganj-5,Gano Forum,Sheikh Nasir Uddin,,,5,124,2026-02-12 15:56:06.220455+00:00,dt,426321.0,218664.0,207655.0,2.0,
Sirajganj-5,Islami Andolan Bangladesh,Md. Afzal Hossain Khan Kashemi,,,5,124,2026-02-12 15:56:06.220455+00:00,dt,426321.0,218664.0,207655.0,2.0,
Sirajganj-5,JaPa,Md. Mehedi Hasan Rubel,,,5,124,2026-02-12 15:56:06.220455+00:00,dt,426321.0,218664.0,207655.0,2.0,
Sirajganj-5,Jamaat,Md. Hesab Uddin,,,5,124,2026-02-12 15:56:06.220455+00:00,dt,426321.0,218664.0,207655.0,2.0,
Sirajganj-6,BNP,Md. Hasan Zafir Tuhin,,,5,160,2026-02-12 15:56:06.220455+00:00,dt,485387.0,246412.0,238972.0,3.0,
Sirajganj-6,Gano Forum,Sardar Asha Parvez,,,5,160,2026-02-12 15:56:06.220455+00:00,dt,485387.0,246412.0,238972.0,3.0,
Sirajganj-6,Islami Andolan Bangladesh,Md. Abdul Khalek,,,5,160,2026-02-12 15:56:06.220455+00:00,dt,485387.0,246412.0,238972.0,3.0,
Sirajganj-6,JaPa,Mir Nadim Mohammad Dablu,,,5,160,2026-02-12 15:56:06.220455+00:00,dt,485387.0,246412.0,238972.0,3.0,
Sirajganj-6,Jamaat,Mohammad Ali Asgar,,,5,160,2026-02-12 15:56:06.220455+00:00,dt,485387.0,246412.0,238972.0,3.0,
Sunamganj-1,BNP,Sarwar Jamal Nizam,,,8,168,2026-02-12 15:56:06.220455+00:00,dt,501555.0,256185.0,245360.0,10.0,
Sunamganj-1,JaPa,Abdur Rab Chowdhury,,,8,168,2026-02-12 15:56:06.220455+00:00,dt,501555.0,256185.0,245360.0,10.0,
Sunamganj-1,Jamaat,Mahmudul Hasan,,,8,168,2026-02-12 15:56:06.220455+00:00,dt,501555.0,256185.0,245360.0,10.0,
Sunamganj-2,BNP,Alhaj Jasim Uddin Ahmed,,,8,111,2026-02-12 15:56:06.220455+00:00,dt,306052.0,154652.0,151399.0,1.0,
Sunamganj-2,Islami Andolan Bangladesh,Mohammad Abdul Hamid,,,8,111,2026-02-12 15:56:06.220455+00:00,dt,306052.0,154652.0,151399.0,1.0,
Sunamganj-2,JaPa,H. M. Iliyas,,,8,111,2026-02-12 15:56:06.220455+00:00,dt,306052.0,154652.0,151399.0,1.0,
Sunamganj-3,BNP,Nazmul Mostafa Amin,,,8,145,2026-02-12 15:56:06.220455+00:00,dt,373016.0,189243.0,183767.0,6.0,
Sunamganj-3,Islami Andolan Bangladesh,Shariful Alam Chowdhury,,,8,145,2026-02-12 15:56:06.220455+00:00,dt,373016.0,189243.0,183767.0,6.0,
Sunamganj-3,Jamaat,Shahjahan Chowdhury,,,8,145,2026-02-12 15:56:06.220455+00:00,dt,373016.0,189243.0,183767.0,6.0,
Sunamganj-4,BNP,Mishkatul Islam Chowdhury,,,8,112,2026-02-12 15:56:06.220455+00:00,dt,372185.0,189359.0,182813.0,13.0,
Sunamganj-4,Islami Andolan Bangladesh,Hafez Ruhullah,,,8,112,2026-02-12 15:56:06.220455+00:00,dt,372185.0,189359.0,182813.0,13.0,
Sunamganj-4,JaPa,Mohammad Liaqat Ali,,,8,112,2026-02-12 15:56:06.220455+00:00,dt,372185.0,189359.0,182813.0,13.0,
Sunamganj-4,Jamaat,Mohammad Jahirul Islam,,,8,112,2026-02-12 15:56:06.220455+00:00,dt,372185.0,189359.0,182813.0,13.0,
Sunamganj-5,BNP,Salahuddin Ahmed,,,8,164,2026-02-12 15:56:06.220455+00:00,dt,527458.0,270620.0,256836.0,2.0,
Sunamganj-5,Islami Andolan Bangladesh,Md. Sarwar Alam Kutubi,,,8,164,2026-02-12 15:56:06.220455+00:00,dt,527458.0,270620.0,256836.0,2.0,
Sunamganj-5,Jamaat,Abdullah Al Faruq,,,8,164,2026-02-12 15:56:06.220455+00:00,dt,527458.0,270620.0,256836.0,2.0,
Sylhet-1,BNP,Alamgir Muhammad Mahfuz Ullah Farid,,,8,215,2026-02-12 15:56:06.220455+00:00,dt,680946.0,353186.0,327747.0,13.0,
Sylhet-1,Islami Andolan Bangladesh,Ziaul Haque,,,8,215,2026-02-12 15:56:06.220455+00:00,dt,680946.0,353186.0,327747.0,13.0,
Sylhet-1,JaPa,Md. Mahmudul Karim,,,8,215,2026-02-12 15:56:06.220455+00:00,dt,680946.0,353186.0,327747.0,13.0,
Sylhet-1,Jamaat,A. H. M. Hamidur Rahman Azad,,,8,215,2026-02-12 15:56:06.220455+00:00,dt,680946.0,353186.0,327747.0,13.0,
Sylhet-2,BNP,Lutfur Rahman,,,8,128,2026-02-12 15:56:06.220455+00:00,dt,368932.0,188679.0,180253.0,0.0,
Sylhet-2,Islami Andolan Bangladesh,Amirul Islam,,,8,128,2026-02-12 15:56:06.220455+00:00,dt,368932.0,188679.0,180253.0,0.0,
Sylhet-2,JaPa,Jagadish Barua,,,8,128,2026-02-12 15:56:06.220455+00:00,dt,368932.0,188679.0,180253.0,0.0,
Sylhet-2,Jamaat,Shahidul Alam (Bahadur),,,8,128,2026-02-12 15:56:06.220455+00:00,dt,368932.0,188679.0,180253.0,0.0,
Sylhet-3,BNP,Shahjahan Chowdhury,,,8,151,2026-02-12 15:56:06.220455+00:00,dt,416000.0,211709.0,204289.0,2.0,
Sylhet-3,Islami Andolan Bangladesh,Nurul Haque,,,8,151,2026-02-12 15:56:06.220455+00:00,dt,416000.0,211709.0,204289.0,2.0,
Sylhet-3,Jamaat,Nur Ahmed Anwari,,,8,151,2026-02-12 15:56:06.220455+00:00,dt,416000.0,211709.0,204289.0,2.0,
Sylhet-4,BNP,Abdul Wadud Bhuiyan,,,8,169,2026-02-12 15:56:06.220455+00:00,dt,512933.0,267130.0,245802.0,1.0,
Sylhet-4,Islami Andolan Bangladesh,Md. Kawsar,,,8,169,2026-02-12 15:56:06.220455+00:00,dt,512933.0,267130.0,245802.0,1.0,
Sylhet-4,JaPa,Ushyepru Marma,,,8,169,2026-02-12 15:56:06.220455+00:00,dt,512933.0,267130.0,245802.0,1.0,
Sylhet-4,Jamaat,Md. Yakub Ali,,,8,169,2026-02-12 15:56:06.220455+00:00,dt,512933.0,267130.0,245802.0,1.0,
Sylhet-5,BNP,Dipen Dewan,3746.0,4.0,8,158,2026-02-12 15:56:06.220455+00:00,dt,428748.0,221357.0,207391.0,0.0,0.87
Sylhet-5,Bangladesh Khelafat Majlish,Muhammad Abu Bakar Siddique,12.0,4.0,8,158,2026-02-12 15:56:06.220455+00:00,dt,428748.0,221357.0,207391.0,0.0,0.0
Sylhet-5,Islami Andolan Bangladesh,Md. Jasim Uddin,,4.0,8,158,2026-02-12 15:56:06.220455+00:00,dt,428748.0,221357.0,207391.0,0.0,
Sylhet-5,JaPa,Ashok Talukder,,4.0,8,158,2026-02-12 15:56:06.220455+00:00,dt,428748.0,221357.0,207391.0,0.0,
Sylhet-6,BNP,Saching Pru,6713.0,9.0,8,192,2026-02-12 15:56:06.220455+00:00,dt,509093.0,256938.0,252155.0,0.0,1.32
Sylhet-6,Islami Andolan Bangladesh,Md. Abul Kalam Azad,,9.0,8,192,2026-02-12 15:56:06.220455+00:00,dt,509093.0,256938.0,252155.0,0.0,
Sylhet-6,JaPa,Abu Zafar Mohammad Waliullah,,9.0,8,192,2026-02-12 15:56:06.220455+00:00,dt,509093.0,256938.0,252155.0,0.0,
Sylhet-6,NCP,Abu Sayeed Md. Suja Uddin,1203.0,9.0,8,192,2026-02-12 15:56:06.220455+00:00,dt,509093.0,256938.0,252155.0,0.0,0.24
